{
  "v": 1,
  "exercise": "jumping_jacks",
  "fps": 10,
  "maxSec": 60,
  "modelComplexity": 1,
  "minDetectionConfidence": 0.8,
  "minTrackingConfidence": 0.8,
  "angles_scale": 100,
  "dists_scale": 1000,
  "frames": [
    {
      "t": 0.1,
      "aQ": [
        302,
        309,
        15,
        20,
        305,
        314,
        308,
        304
      ],
      "dQ": [
        1617,
        260,
        571,
        613
      ],
      "visQ": 98
    },
    {
      "t": 0.2,
      "aQ": [
        302,
        309,
        16,
        20,
        307,
        312,
        308,
        303
      ],
      "dQ": [
        1622,
        285,
        578,
        602
      ],
      "visQ": 99
    },
    {
      "t": 0.3,
      "aQ": [
        201,
        201,
        123,
        123,
        312,
        312,
        289,
        286
      ],
      "dQ": [
        3705,
        1759,
        3230,
        3208
      ],
      "visQ": 99
    },
    {
      "t": 0.4,
      "aQ": [
        267,
        262,
        72,
        82,
        279,
        308,
        286,
        306
      ],
      "dQ": [
        3325,
        204,
        2800,
        2706
      ],
      "visQ": 98
    },
    {
      "t": 0.5,
      "aQ": [
        292,
        279,
        12,
        40,
        304,
        298,
        300,
        302
      ],
      "dQ": [
        4017,
        3698,
        3469,
        3155
      ],
      "visQ": 98
    },
    {
      "t": 0.6,
      "aQ": [
        260,
        278,
        37,
        49,
        312,
        305,
        308,
        311
      ],
      "dQ": [
        3573,
        1026,
        1825,
        1971
      ],
      "visQ": 97
    },
    {
      "t": 0.7,
      "aQ": [
        274,
        264,
        41,
        35,
        313,
        313,
        293,
        301
      ],
      "dQ": [
        3252,
        958,
        1685,
        1624
      ],
      "visQ": 97
    },
    {
      "t": 0.8,
      "aQ": [
        222,
        240,
        53,
        58,
        312,
        313,
        304,
        292
      ],
      "dQ": [
        3972,
        1268,
        2441,
        2502
      ],
      "visQ": 97
    },
    {
      "t": 0.9,
      "aQ": [
        167,
        164,
        96,
        104,
        313,
        313,
        295,
        284
      ],
      "dQ": [
        3782,
        1698,
        3318,
        3519
      ],
      "visQ": 98
    },
    {
      "t": 1,
      "aQ": [
        229,
        240,
        211,
        221,
        310,
        306,
        285,
        278
      ],
      "dQ": [
        3173,
        2364,
        4730,
        4998
      ],
      "visQ": 98
    },
    {
      "t": 1.1,
      "aQ": [
        219,
        210,
        258,
        261,
        298,
        288,
        274,
        276
      ],
      "dQ": [
        1350,
        2454,
        5075,
        5260
      ],
      "visQ": 98
    },
    {
      "t": 1.2,
      "aQ": [
        216,
        222,
        247,
        256,
        309,
        293,
        281,
        277
      ],
      "dQ": [
        1613,
        2425,
        4842,
        5043
      ],
      "visQ": 98
    },
    {
      "t": 1.3,
      "aQ": [
        215,
        224,
        246,
        254,
        310,
        295,
        283,
        277
      ],
      "dQ": [
        1659,
        2469,
        4844,
        5049
      ],
      "visQ": 98
    },
    {
      "t": 1.4,
      "aQ": [
        219,
        246,
        48,
        82,
        313,
        309,
        308,
        295
      ],
      "dQ": [
        3383,
        1036,
        2051,
        2459
      ],
      "visQ": 98
    },
    {
      "t": 1.5,
      "aQ": [
        242,
        273,
        32,
        62,
        312,
        308,
        310,
        299
      ],
      "dQ": [
        3150,
        752,
        1530,
        1904
      ],
      "visQ": 98
    },
    {
      "t": 1.6,
      "aQ": [
        240,
        265,
        31,
        61,
        310,
        308,
        309,
        298
      ],
      "dQ": [
        3167,
        749,
        1502,
        1906
      ],
      "visQ": 98
    },
    {
      "t": 1.7,
      "aQ": [
        238,
        266,
        30,
        61,
        311,
        308,
        309,
        298
      ],
      "dQ": [
        3178,
        754,
        1509,
        1912
      ],
      "visQ": 98
    },
    {
      "t": 1.8,
      "aQ": [
        268,
        293,
        21,
        44,
        309,
        308,
        309,
        302
      ],
      "dQ": [
        2708,
        524,
        1019,
        1313
      ],
      "visQ": 98
    },
    {
      "t": 1.9,
      "aQ": [
        269,
        291,
        21,
        42,
        309,
        308,
        309,
        302
      ],
      "dQ": [
        2654,
        513,
        1006,
        1289
      ],
      "visQ": 98
    },
    {
      "t": 2,
      "aQ": [
        215,
        218,
        264,
        268,
        303,
        314,
        275,
        275
      ],
      "dQ": [
        933,
        2714,
        4987,
        5024
      ],
      "visQ": 98
    },
    {
      "t": 2.1,
      "aQ": [
        211,
        219,
        263,
        270,
        308,
        312,
        277,
        274
      ],
      "dQ": [
        987,
        2740,
        4926,
        4952
      ],
      "visQ": 98
    },
    {
      "t": 2.2,
      "aQ": [
        217,
        222,
        267,
        272,
        307,
        310,
        277,
        274
      ],
      "dQ": [
        995,
        2746,
        4896,
        4928
      ],
      "visQ": 98
    },
    {
      "t": 2.3,
      "aQ": [
        216,
        219,
        267,
        269,
        307,
        311,
        277,
        274
      ],
      "dQ": [
        1004,
        2792,
        4967,
        4989
      ],
      "visQ": 99
    },
    {
      "t": 2.4,
      "aQ": [
        213,
        232,
        244,
        250,
        309,
        310,
        280,
        275
      ],
      "dQ": [
        1769,
        2730,
        4857,
        5021
      ],
      "visQ": 99
    },
    {
      "t": 2.5,
      "aQ": [
        179,
        200,
        160,
        175,
        312,
        307,
        286,
        279
      ],
      "dQ": [
        3142,
        2147,
        4050,
        4298
      ],
      "visQ": 99
    },
    {
      "t": 2.6,
      "aQ": [
        253,
        263,
        55,
        71,
        310,
        309,
        305,
        294
      ],
      "dQ": [
        3281,
        1005,
        1822,
        2059
      ],
      "visQ": 99
    },
    {
      "t": 2.7,
      "aQ": [
        291,
        292,
        25,
        35,
        312,
        314,
        307,
        300
      ],
      "dQ": [
        2389,
        539,
        850,
        1036
      ],
      "visQ": 99
    },
    {
      "t": 2.8,
      "aQ": [
        310,
        309,
        16,
        17,
        310,
        311,
        306,
        304
      ],
      "dQ": [
        1449,
        399,
        560,
        629
      ],
      "visQ": 99
    },
    {
      "t": 2.9,
      "aQ": [
        312,
        312,
        15,
        16,
        309,
        314,
        306,
        305
      ],
      "dQ": [
        1334,
        356,
        579,
        561
      ],
      "visQ": 99
    },
    {
      "t": 3,
      "aQ": [
        309,
        313,
        14,
        15,
        307,
        314,
        306,
        305
      ],
      "dQ": [
        1324,
        347,
        520,
        538
      ],
      "visQ": 99
    },
    {
      "t": 3.1,
      "aQ": [
        310,
        312,
        14,
        15,
        307,
        314,
        306,
        305
      ],
      "dQ": [
        1324,
        335,
        514,
        525
      ],
      "visQ": 99
    },
    {
      "t": 3.2,
      "aQ": [
        310,
        312,
        14,
        15,
        306,
        313,
        306,
        304
      ],
      "dQ": [
        1323,
        336,
        517,
        516
      ],
      "visQ": 99
    },
    {
      "t": 3.3,
      "aQ": [
        310,
        312,
        14,
        15,
        307,
        313,
        307,
        304
      ],
      "dQ": [
        1325,
        337,
        521,
        510
      ],
      "visQ": 99
    },
    {
      "t": 3.4,
      "aQ": [
        310,
        312,
        14,
        15,
        307,
        314,
        307,
        304
      ],
      "dQ": [
        1327,
        337,
        520,
        509
      ],
      "visQ": 99
    },
    {
      "t": 3.5,
      "aQ": [
        310,
        312,
        14,
        15,
        307,
        314,
        307,
        304
      ],
      "dQ": [
        1328,
        337,
        521,
        508
      ],
      "visQ": 99
    },
    {
      "t": 3.6,
      "aQ": [
        310,
        312,
        14,
        15,
        307,
        314,
        307,
        304
      ],
      "dQ": [
        1328,
        338,
        519,
        506
      ],
      "visQ": 99
    },
    {
      "t": 3.7,
      "aQ": [
        310,
        312,
        14,
        15,
        307,
        314,
        307,
        304
      ],
      "dQ": [
        1328,
        344,
        519,
        507
      ],
      "visQ": 99
    },
    {
      "t": 3.8,
      "aQ": [
        304,
        305,
        18,
        18,
        310,
        313,
        307,
        304
      ],
      "dQ": [
        1683,
        365,
        607,
        627
      ],
      "visQ": 99
    },
    {
      "t": 3.9,
      "aQ": [
        304,
        306,
        19,
        19,
        310,
        313,
        307,
        305
      ],
      "dQ": [
        1726,
        371,
        623,
        649
      ],
      "visQ": 99
    },
    {
      "t": 4,
      "aQ": [
        308,
        310,
        19,
        19,
        312,
        313,
        305,
        304
      ],
      "dQ": [
        1349,
        582,
        438,
        461
      ],
      "visQ": 99
    },
    {
      "t": 4.1,
      "aQ": [
        305,
        307,
        18,
        19,
        311,
        314,
        305,
        303
      ],
      "dQ": [
        1291,
        623,
        410,
        430
      ],
      "visQ": 99
    },
    {
      "t": 4.2,
      "aQ": [
        305,
        307,
        18,
        19,
        311,
        314,
        306,
        303
      ],
      "dQ": [
        1285,
        629,
        404,
        422
      ],
      "visQ": 99
    },
    {
      "t": 4.3,
      "aQ": [
        305,
        307,
        18,
        20,
        311,
        314,
        306,
        303
      ],
      "dQ": [
        1285,
        628,
        401,
        419
      ],
      "visQ": 99
    },
    {
      "t": 4.4,
      "aQ": [
        305,
        307,
        18,
        20,
        311,
        314,
        306,
        303
      ],
      "dQ": [
        1284,
        628,
        400,
        419
      ],
      "visQ": 99
    },
    {
      "t": 4.5,
      "aQ": [
        284,
        290,
        48,
        42,
        312,
        313,
        307,
        301
      ],
      "dQ": [
        2974,
        607,
        1399,
        1259
      ],
      "visQ": 99
    },
    {
      "t": 4.6,
      "aQ": [
        286,
        292,
        50,
        45,
        312,
        313,
        306,
        301
      ],
      "dQ": [
        3000,
        603,
        1433,
        1294
      ],
      "visQ": 99
    },
    {
      "t": 4.7,
      "aQ": [
        286,
        292,
        50,
        45,
        313,
        313,
        306,
        301
      ],
      "dQ": [
        3013,
        599,
        1439,
        1306
      ],
      "visQ": 99
    },
    {
      "t": 4.8,
      "aQ": [
        286,
        292,
        50,
        45,
        313,
        312,
        306,
        301
      ],
      "dQ": [
        3016,
        597,
        1441,
        1307
      ],
      "visQ": 99
    },
    {
      "t": 4.9,
      "aQ": [
        276,
        277,
        71,
        62,
        313,
        314,
        306,
        300
      ],
      "dQ": [
        3412,
        598,
        1912,
        1770
      ],
      "visQ": 99
    },
    {
      "t": 5,
      "aQ": [
        204,
        222,
        117,
        111,
        313,
        311,
        303,
        297
      ],
      "dQ": [
        3727,
        839,
        3116,
        2922
      ],
      "visQ": 99
    },
    {
      "t": 5.1,
      "aQ": [
        234,
        230,
        184,
        173,
        312,
        314,
        294,
        292
      ],
      "dQ": [
        3671,
        1424,
        4093,
        3853
      ],
      "visQ": 99
    },
    {
      "t": 5.2,
      "aQ": [
        217,
        223,
        236,
        239,
        314,
        311,
        285,
        281
      ],
      "dQ": [
        1988,
        2528,
        4876,
        4876
      ],
      "visQ": 99
    },
    {
      "t": 5.3,
      "aQ": [
        223,
        223,
        270,
        276,
        310,
        307,
        278,
        277
      ],
      "dQ": [
        1128,
        2740,
        5211,
        5198
      ],
      "visQ": 99
    },
    {
      "t": 5.4,
      "aQ": [
        218,
        237,
        246,
        264,
        314,
        309,
        282,
        280
      ],
      "dQ": [
        1649,
        2725,
        5011,
        5180
      ],
      "visQ": 99
    },
    {
      "t": 5.5,
      "aQ": [
        194,
        206,
        151,
        174,
        314,
        308,
        289,
        286
      ],
      "dQ": [
        3428,
        1944,
        3719,
        4281
      ],
      "visQ": 99
    },
    {
      "t": 5.6,
      "aQ": [
        220,
        201,
        75,
        89,
        311,
        313,
        303,
        296
      ],
      "dQ": [
        3561,
        1066,
        2333,
        2723
      ],
      "visQ": 100
    },
    {
      "t": 5.7,
      "aQ": [
        296,
        288,
        25,
        28,
        312,
        313,
        307,
        303
      ],
      "dQ": [
        2308,
        415,
        842,
        941
      ],
      "visQ": 99
    },
    {
      "t": 5.8,
      "aQ": [
        308,
        307,
        17,
        16,
        308,
        309,
        307,
        302
      ],
      "dQ": [
        1510,
        335,
        629,
        609
      ],
      "visQ": 99
    },
    {
      "t": 5.9,
      "aQ": [
        299,
        309,
        23,
        21,
        309,
        314,
        307,
        303
      ],
      "dQ": [
        1839,
        372,
        746,
        573
      ],
      "visQ": 99
    },
    {
      "t": 6,
      "aQ": [
        253,
        254,
        58,
        60,
        312,
        312,
        302,
        298
      ],
      "dQ": [
        3423,
        830,
        1952,
        1951
      ],
      "visQ": 99
    },
    {
      "t": 6.1,
      "aQ": [
        195,
        208,
        108,
        110,
        310,
        314,
        293,
        292
      ],
      "dQ": [
        3716,
        1397,
        3070,
        3070
      ],
      "visQ": 99
    },
    {
      "t": 6.2,
      "aQ": [
        210,
        210,
        211,
        209,
        313,
        312,
        286,
        281
      ],
      "dQ": [
        2589,
        2469,
        4647,
        4608
      ],
      "visQ": 100
    },
    {
      "t": 6.3,
      "aQ": [
        205,
        211,
        251,
        258,
        311,
        312,
        279,
        275
      ],
      "dQ": [
        1220,
        2827,
        5109,
        5093
      ],
      "visQ": 100
    },
    {
      "t": 6.4,
      "aQ": [
        213,
        228,
        260,
        267,
        313,
        313,
        282,
        274
      ],
      "dQ": [
        1311,
        2817,
        4983,
        5140
      ],
      "visQ": 100
    },
    {
      "t": 6.5,
      "aQ": [
        196,
        208,
        175,
        177,
        312,
        302,
        286,
        277
      ],
      "dQ": [
        3173,
        2239,
        4122,
        4265
      ],
      "visQ": 100
    },
    {
      "t": 6.6,
      "aQ": [
        189,
        217,
        82,
        98,
        313,
        312,
        299,
        290
      ],
      "dQ": [
        3526,
        1444,
        2621,
        2825
      ],
      "visQ": 100
    },
    {
      "t": 6.7,
      "aQ": [
        291,
        292,
        25,
        36,
        312,
        314,
        308,
        299
      ],
      "dQ": [
        2383,
        536,
        839,
        1039
      ],
      "visQ": 100
    },
    {
      "t": 6.8,
      "aQ": [
        311,
        308,
        16,
        17,
        308,
        312,
        305,
        303
      ],
      "dQ": [
        1452,
        403,
        553,
        620
      ],
      "visQ": 100
    },
    {
      "t": 6.9,
      "aQ": [
        302,
        305,
        17,
        18,
        311,
        313,
        307,
        304
      ],
      "dQ": [
        1631,
        389,
        590,
        590
      ],
      "visQ": 99
    },
    {
      "t": 7,
      "aQ": [
        273,
        269,
        39,
        42,
        312,
        313,
        304,
        300
      ],
      "dQ": [
        2990,
        778,
        1373,
        1473
      ],
      "visQ": 100
    },
    {
      "t": 7.1,
      "aQ": [
        211,
        213,
        75,
        79,
        313,
        313,
        295,
        291
      ],
      "dQ": [
        3580,
        1387,
        2424,
        2591
      ],
      "visQ": 100
    },
    {
      "t": 7.2,
      "aQ": [
        187,
        197,
        170,
        176,
        313,
        313,
        283,
        279
      ],
      "dQ": [
        3098,
        2435,
        4161,
        4274
      ],
      "visQ": 100
    },
    {
      "t": 7.3,
      "aQ": [
        202,
        205,
        236,
        238,
        309,
        314,
        277,
        271
      ],
      "dQ": [
        1640,
        2800,
        4681,
        4747
      ],
      "visQ": 100
    },
    {
      "t": 7.4,
      "aQ": [
        200,
        216,
        254,
        265,
        310,
        310,
        275,
        270
      ],
      "dQ": [
        1217,
        2823,
        4723,
        4871
      ],
      "visQ": 100
    },
    {
      "t": 7.5,
      "aQ": [
        196,
        202,
        180,
        190,
        311,
        309,
        281,
        275
      ],
      "dQ": [
        2931,
        2531,
        4056,
        4272
      ],
      "visQ": 100
    },
    {
      "t": 7.6,
      "aQ": [
        192,
        199,
        95,
        115,
        313,
        311,
        295,
        286
      ],
      "dQ": [
        3553,
        1633,
        2841,
        3171
      ],
      "visQ": 100
    },
    {
      "t": 7.7,
      "aQ": [
        287,
        272,
        32,
        45,
        313,
        314,
        307,
        300
      ],
      "dQ": [
        2954,
        597,
        1073,
        1495
      ],
      "visQ": 100
    },
    {
      "t": 7.8,
      "aQ": [
        305,
        300,
        17,
        23,
        308,
        314,
        305,
        303
      ],
      "dQ": [
        1796,
        401,
        608,
        770
      ],
      "visQ": 100
    },
    {
      "t": 7.9,
      "aQ": [
        306,
        308,
        15,
        18,
        311,
        314,
        308,
        305
      ],
      "dQ": [
        1539,
        325,
        545,
        626
      ],
      "visQ": 100
    },
    {
      "t": 8,
      "aQ": [
        278,
        274,
        31,
        30,
        312,
        313,
        306,
        302
      ],
      "dQ": [
        2710,
        663,
        1193,
        1215
      ],
      "visQ": 100
    },
    {
      "t": 8.1,
      "aQ": [
        228,
        231,
        65,
        64,
        313,
        313,
        297,
        293
      ],
      "dQ": [
        3465,
        1267,
        2249,
        2251
      ],
      "visQ": 100
    },
    {
      "t": 8.2,
      "aQ": [
        179,
        161,
        157,
        135,
        311,
        313,
        281,
        280
      ],
      "dQ": [
        3151,
        2321,
        3989,
        3953
      ],
      "visQ": 100
    },
    {
      "t": 8.3,
      "aQ": [
        211,
        210,
        234,
        229,
        311,
        308,
        275,
        274
      ],
      "dQ": [
        1959,
        2768,
        4641,
        4654
      ],
      "visQ": 100
    },
    {
      "t": 8.4,
      "aQ": [
        211,
        228,
        263,
        271,
        308,
        302,
        267,
        272
      ],
      "dQ": [
        1190,
        2968,
        4890,
        5010
      ],
      "visQ": 100
    },
    {
      "t": 8.5,
      "aQ": [
        205,
        222,
        205,
        212,
        310,
        314,
        277,
        275
      ],
      "dQ": [
        2714,
        2822,
        4449,
        4645
      ],
      "visQ": 100
    },
    {
      "t": 8.6,
      "aQ": [
        199,
        220,
        122,
        143,
        310,
        310,
        290,
        284
      ],
      "dQ": [
        3575,
        1826,
        3202,
        3475
      ],
      "visQ": 100
    },
    {
      "t": 8.7,
      "aQ": [
        263,
        273,
        35,
        53,
        310,
        313,
        307,
        299
      ],
      "dQ": [
        3270,
        635,
        1396,
        1663
      ],
      "visQ": 100
    },
    {
      "t": 8.8,
      "aQ": [
        296,
        300,
        18,
        26,
        310,
        314,
        307,
        302
      ],
      "dQ": [
        1992,
        371,
        713,
        842
      ],
      "visQ": 100
    },
    {
      "t": 8.9,
      "aQ": [
        302,
        309,
        16,
        19,
        307,
        312,
        307,
        305
      ],
      "dQ": [
        1620,
        260,
        618,
        607
      ],
      "visQ": 100
    },
    {
      "t": 9,
      "aQ": [
        284,
        285,
        35,
        35,
        310,
        312,
        307,
        301
      ],
      "dQ": [
        2747,
        413,
        1184,
        1189
      ],
      "visQ": 99
    },
    {
      "t": 9.1,
      "aQ": [
        251,
        248,
        70,
        67,
        313,
        314,
        299,
        294
      ],
      "dQ": [
        3560,
        1098,
        2104,
        2109
      ],
      "visQ": 100
    },
    {
      "t": 9.2,
      "aQ": [
        254,
        252,
        72,
        68,
        313,
        310,
        299,
        291
      ],
      "dQ": [
        3611,
        1160,
        2148,
        2124
      ],
      "visQ": 100
    },
    {
      "t": 9.3,
      "aQ": [
        199,
        210,
        215,
        224,
        312,
        311,
        276,
        275
      ],
      "dQ": [
        2120,
        2660,
        4404,
        4539
      ],
      "visQ": 100
    }
  ]
}