{
  "v": 1,
  "exercise": "lunges",
  "fps": 10,
  "maxSec": 60,
  "modelComplexity": 1,
  "minDetectionConfidence": 0.8,
  "minTrackingConfidence": 0.8,
  "angles_scale": 100,
  "dists_scale": 1000,
  "frames": [
    {
      "t": 0.1,
      "aQ": [
        null,
        237,
        null,
        28,
        null,
        311,
        null,
        305
      ],
      "dQ": [
        null,
        4134,
        null,
        12201
      ],
      "visQ": 79
    },
    {
      "t": 0.2,
      "aQ": [
        null,
        235,
        null,
        30,
        null,
        312,
        null,
        303
      ],
      "dQ": [
        null,
        2424,
        null,
        6838
      ],
      "visQ": 79
    },
    {
      "t": 0.3,
      "aQ": [
        null,
        231,
        null,
        32,
        null,
        312,
        null,
        303
      ],
      "dQ": [
        null,
        3023,
        null,
        7668
      ],
      "visQ": 79
    },
    {
      "t": 0.4,
      "aQ": [
        null,
        230,
        null,
        33,
        null,
        314,
        null,
        303
      ],
      "dQ": [
        null,
        2600,
        null,
        7540
      ],
      "visQ": 79
    },
    {
      "t": 0.5,
      "aQ": [
        null,
        227,
        null,
        34,
        null,
        314,
        null,
        302
      ],
      "dQ": [
        null,
        3213,
        null,
        9500
      ],
      "visQ": 79
    },
    {
      "t": 0.6,
      "aQ": [
        null,
        231,
        null,
        31,
        null,
        293,
        null,
        313
      ],
      "dQ": [
        null,
        3158,
        null,
        10115
      ],
      "visQ": 78
    },
    {
      "t": 0.7,
      "aQ": [
        null,
        238,
        null,
        29,
        null,
        260,
        null,
        295
      ],
      "dQ": [
        null,
        2348,
        null,
        6498
      ],
      "visQ": 79
    },
    {
      "t": 0.8,
      "aQ": [
        null,
        233,
        null,
        32,
        null,
        274,
        null,
        280
      ],
      "dQ": [
        null,
        7246,
        null,
        5411
      ],
      "visQ": 80
    },
    {
      "t": 0.9,
      "aQ": [
        null,
        230,
        null,
        35,
        null,
        291,
        null,
        278
      ],
      "dQ": [
        null,
        10147,
        null,
        5584
      ],
      "visQ": 80
    },
    {
      "t": 1,
      "aQ": [
        null,
        235,
        null,
        34,
        253,
        296,
        312,
        274
      ],
      "dQ": [
        null,
        14915,
        null,
        6134
      ],
      "visQ": 81
    },
    {
      "t": 1.1,
      "aQ": [
        null,
        236,
        null,
        31,
        230,
        272,
        312,
        261
      ],
      "dQ": [
        null,
        16748,
        null,
        5929
      ],
      "visQ": 81
    },
    {
      "t": 1.2,
      "aQ": [
        null,
        238,
        null,
        28,
        190,
        221,
        311,
        232
      ],
      "dQ": [
        null,
        23855,
        null,
        7882
      ],
      "visQ": 82
    },
    {
      "t": 1.3,
      "aQ": [
        null,
        235,
        null,
        27,
        172,
        186,
        307,
        202
      ],
      "dQ": [
        null,
        29691,
        null,
        10786
      ],
      "visQ": 82
    },
    {
      "t": 1.4,
      "aQ": [
        null,
        234,
        null,
        23,
        159,
        161,
        307,
        178
      ],
      "dQ": [
        null,
        23975,
        null,
        8855
      ],
      "visQ": 83
    },
    {
      "t": 1.5,
      "aQ": [
        null,
        236,
        null,
        23,
        152,
        155,
        306,
        174
      ],
      "dQ": [
        null,
        20109,
        null,
        6589
      ],
      "visQ": 83
    },
    {
      "t": 1.6,
      "aQ": [
        null,
        237,
        null,
        21,
        147,
        153,
        307,
        170
      ],
      "dQ": [
        null,
        18456,
        null,
        5816
      ],
      "visQ": 84
    },
    {
      "t": 1.7,
      "aQ": [
        null,
        238,
        null,
        20,
        145,
        151,
        307,
        168
      ],
      "dQ": [
        null,
        16290,
        null,
        5141
      ],
      "visQ": 84
    },
    {
      "t": 1.8,
      "aQ": [
        null,
        238,
        null,
        21,
        143,
        150,
        308,
        166
      ],
      "dQ": [
        null,
        14493,
        null,
        4556
      ],
      "visQ": 84
    },
    {
      "t": 1.9,
      "aQ": [
        null,
        238,
        null,
        21,
        139,
        148,
        308,
        165
      ],
      "dQ": [
        null,
        15014,
        null,
        4718
      ],
      "visQ": 84
    },
    {
      "t": 2,
      "aQ": [
        null,
        237,
        null,
        21,
        139,
        148,
        308,
        164
      ],
      "dQ": [
        null,
        16152,
        null,
        5082
      ],
      "visQ": 85
    },
    {
      "t": 2.1,
      "aQ": [
        null,
        235,
        null,
        22,
        136,
        146,
        308,
        163
      ],
      "dQ": [
        null,
        18873,
        null,
        5970
      ],
      "visQ": 85
    },
    {
      "t": 2.2,
      "aQ": [
        null,
        235,
        null,
        22,
        135,
        145,
        308,
        162
      ],
      "dQ": [
        null,
        18969,
        null,
        6042
      ],
      "visQ": 85
    },
    {
      "t": 2.3,
      "aQ": [
        null,
        238,
        null,
        20,
        137,
        151,
        308,
        170
      ],
      "dQ": [
        null,
        21869,
        null,
        7394
      ],
      "visQ": 85
    },
    {
      "t": 2.4,
      "aQ": [
        null,
        240,
        null,
        21,
        170,
        183,
        307,
        197
      ],
      "dQ": [
        null,
        31746,
        null,
        10025
      ],
      "visQ": 85
    },
    {
      "t": 2.5,
      "aQ": [
        null,
        239,
        null,
        21,
        198,
        220,
        310,
        226
      ],
      "dQ": [
        null,
        22406,
        null,
        7950
      ],
      "visQ": 85
    },
    {
      "t": 2.6,
      "aQ": [
        null,
        243,
        null,
        22,
        245,
        287,
        309,
        272
      ],
      "dQ": [
        null,
        27739,
        null,
        10809
      ],
      "visQ": 85
    },
    {
      "t": 2.7,
      "aQ": [
        null,
        245,
        null,
        24,
        272,
        298,
        306,
        280
      ],
      "dQ": [
        null,
        143873,
        null,
        66879
      ],
      "visQ": 85
    },
    {
      "t": 2.8,
      "aQ": [
        null,
        241,
        null,
        25,
        295,
        279,
        306,
        285
      ],
      "dQ": [
        null,
        31307,
        null,
        23764
      ],
      "visQ": 85
    },
    {
      "t": 2.9,
      "aQ": [
        null,
        241,
        null,
        28,
        299,
        279,
        309,
        294
      ],
      "dQ": [
        null,
        94273,
        null,
        108650
      ],
      "visQ": 85
    },
    {
      "t": 3,
      "aQ": [
        null,
        242,
        null,
        27,
        302,
        277,
        310,
        309
      ],
      "dQ": [
        null,
        1066,
        null,
        9039
      ],
      "visQ": 84
    },
    {
      "t": 3.1,
      "aQ": [
        null,
        237,
        null,
        28,
        298,
        299,
        310,
        307
      ],
      "dQ": [
        null,
        2839,
        null,
        12512
      ],
      "visQ": 83
    },
    {
      "t": 3.2,
      "aQ": [
        null,
        236,
        null,
        28,
        306,
        309,
        307,
        302
      ],
      "dQ": [
        null,
        2421,
        null,
        8199
      ],
      "visQ": 82
    },
    {
      "t": 3.3,
      "aQ": [
        null,
        234,
        null,
        28,
        309,
        312,
        304,
        300
      ],
      "dQ": [
        null,
        2028,
        null,
        6524
      ],
      "visQ": 81
    },
    {
      "t": 3.4,
      "aQ": [
        null,
        233,
        null,
        29,
        310,
        313,
        303,
        299
      ],
      "dQ": [
        null,
        2497,
        null,
        7611
      ],
      "visQ": 80
    },
    {
      "t": 3.5,
      "aQ": [
        null,
        235,
        null,
        29,
        310,
        312,
        303,
        300
      ],
      "dQ": [
        null,
        2820,
        null,
        8552
      ],
      "visQ": 80
    },
    {
      "t": 3.6,
      "aQ": [
        null,
        239,
        null,
        26,
        309,
        312,
        302,
        299
      ],
      "dQ": [
        null,
        3275,
        null,
        10100
      ],
      "visQ": 79
    },
    {
      "t": 3.7,
      "aQ": [
        null,
        239,
        null,
        26,
        296,
        301,
        310,
        305
      ],
      "dQ": [
        null,
        2489,
        null,
        5310
      ],
      "visQ": 79
    },
    {
      "t": 3.8,
      "aQ": [
        null,
        251,
        null,
        18,
        247,
        301,
        286,
        307
      ],
      "dQ": [
        null,
        4208,
        null,
        4315
      ],
      "visQ": 80
    },
    {
      "t": 3.9,
      "aQ": [
        null,
        254,
        null,
        14,
        268,
        296,
        277,
        306
      ],
      "dQ": [
        null,
        7956,
        null,
        4794
      ],
      "visQ": 81
    },
    {
      "t": 4,
      "aQ": [
        null,
        253,
        null,
        17,
        312,
        278,
        281,
        302
      ],
      "dQ": [
        null,
        22329,
        null,
        8563
      ],
      "visQ": 81
    },
    {
      "t": 4.1,
      "aQ": [
        null,
        253,
        null,
        20,
        298,
        250,
        270,
        303
      ],
      "dQ": [
        null,
        33936,
        null,
        11795
      ],
      "visQ": 82
    },
    {
      "t": 4.2,
      "aQ": [
        null,
        235,
        null,
        24,
        241,
        219,
        232,
        305
      ],
      "dQ": [
        null,
        18882,
        null,
        8799
      ],
      "visQ": 82
    },
    {
      "t": 4.3,
      "aQ": [
        null,
        240,
        null,
        17,
        224,
        196,
        269,
        274
      ],
      "dQ": [
        null,
        2588,
        null,
        6273
      ],
      "visQ": 83
    },
    {
      "t": 4.4,
      "aQ": [
        null,
        250,
        null,
        9,
        160,
        148,
        172,
        303
      ],
      "dQ": [
        null,
        24167,
        null,
        9414
      ],
      "visQ": 83
    },
    {
      "t": 4.5,
      "aQ": [
        null,
        248,
        null,
        11,
        146,
        147,
        156,
        300
      ],
      "dQ": [
        null,
        22617,
        null,
        7454
      ],
      "visQ": 83
    },
    {
      "t": 4.6,
      "aQ": [
        null,
        253,
        null,
        7,
        137,
        137,
        147,
        300
      ],
      "dQ": [
        null,
        23423,
        null,
        7749
      ],
      "visQ": 83
    },
    {
      "t": 4.7,
      "aQ": [
        null,
        249,
        null,
        9,
        132,
        137,
        142,
        301
      ],
      "dQ": [
        null,
        15864,
        null,
        5412
      ],
      "visQ": 83
    },
    {
      "t": 4.8,
      "aQ": [
        null,
        250,
        null,
        9,
        130,
        133,
        140,
        301
      ],
      "dQ": [
        null,
        17266,
        null,
        6002
      ],
      "visQ": 84
    },
    {
      "t": 4.9,
      "aQ": [
        null,
        248,
        null,
        10,
        130,
        134,
        139,
        301
      ],
      "dQ": [
        null,
        15503,
        null,
        5529
      ],
      "visQ": 84
    },
    {
      "t": 5,
      "aQ": [
        null,
        250,
        null,
        10,
        129,
        134,
        138,
        300
      ],
      "dQ": [
        null,
        15135,
        null,
        5451
      ],
      "visQ": 84
    },
    {
      "t": 5.1,
      "aQ": [
        null,
        250,
        null,
        10,
        129,
        134,
        138,
        300
      ],
      "dQ": [
        null,
        15022,
        null,
        5432
      ],
      "visQ": 84
    },
    {
      "t": 5.2,
      "aQ": [
        null,
        248,
        null,
        10,
        128,
        134,
        138,
        300
      ],
      "dQ": [
        null,
        14356,
        null,
        5260
      ],
      "visQ": 84
    },
    {
      "t": 5.3,
      "aQ": [
        null,
        247,
        null,
        10,
        129,
        133,
        139,
        300
      ],
      "dQ": [
        null,
        14831,
        null,
        5423
      ],
      "visQ": 84
    },
    {
      "t": 5.4,
      "aQ": [
        null,
        247,
        null,
        10,
        129,
        133,
        140,
        299
      ],
      "dQ": [
        null,
        15269,
        null,
        5582
      ],
      "visQ": 84
    },
    {
      "t": 5.5,
      "aQ": [
        null,
        234,
        null,
        13,
        180,
        182,
        183,
        302
      ],
      "dQ": [
        null,
        21773,
        null,
        8563
      ],
      "visQ": 84
    },
    {
      "t": 5.6,
      "aQ": [
        null,
        238,
        null,
        14,
        185,
        178,
        186,
        304
      ],
      "dQ": [
        null,
        37747,
        null,
        13532
      ],
      "visQ": 84
    },
    {
      "t": 5.7,
      "aQ": [
        null,
        239,
        null,
        26,
        298,
        250,
        275,
        304
      ],
      "dQ": [
        null,
        17731,
        null,
        6917
      ],
      "visQ": 84
    },
    {
      "t": 5.8,
      "aQ": [
        null,
        242,
        null,
        25,
        273,
        280,
        280,
        306
      ],
      "dQ": [
        null,
        14849,
        null,
        9323
      ],
      "visQ": 85
    },
    {
      "t": 5.9,
      "aQ": [
        null,
        243,
        null,
        22,
        263,
        291,
        288,
        307
      ],
      "dQ": [
        null,
        9616,
        null,
        8273
      ],
      "visQ": 85
    },
    {
      "t": 6,
      "aQ": [
        null,
        242,
        null,
        22,
        267,
        303,
        301,
        308
      ],
      "dQ": [
        null,
        4700,
        null,
        6105
      ],
      "visQ": 85
    },
    {
      "t": 6.1,
      "aQ": [
        null,
        235,
        null,
        28,
        283,
        303,
        314,
        310
      ],
      "dQ": [
        null,
        2699,
        null,
        4299
      ],
      "visQ": 85
    },
    {
      "t": 6.2,
      "aQ": [
        null,
        228,
        null,
        34,
        306,
        307,
        306,
        306
      ],
      "dQ": [
        null,
        1947,
        null,
        4639
      ],
      "visQ": 84
    },
    {
      "t": 6.3,
      "aQ": [
        null,
        226,
        null,
        35,
        311,
        312,
        304,
        302
      ],
      "dQ": [
        null,
        1932,
        null,
        5207
      ],
      "visQ": 83
    },
    {
      "t": 6.4,
      "aQ": [
        null,
        229,
        null,
        33,
        312,
        313,
        302,
        300
      ],
      "dQ": [
        null,
        2361,
        null,
        6352
      ],
      "visQ": 83
    },
    {
      "t": 6.5,
      "aQ": [
        null,
        228,
        null,
        33,
        312,
        313,
        303,
        300
      ],
      "dQ": [
        null,
        2200,
        null,
        5966
      ],
      "visQ": 82
    },
    {
      "t": 6.6,
      "aQ": [
        null,
        228,
        null,
        33,
        311,
        314,
        303,
        300
      ],
      "dQ": [
        null,
        3078,
        null,
        8174
      ],
      "visQ": 81
    },
    {
      "t": 6.7,
      "aQ": [
        null,
        227,
        null,
        34,
        310,
        313,
        304,
        299
      ],
      "dQ": [
        null,
        3358,
        null,
        8789
      ],
      "visQ": 80
    },
    {
      "t": 6.8,
      "aQ": [
        null,
        236,
        null,
        28,
        300,
        300,
        308,
        306
      ],
      "dQ": [
        null,
        2937,
        null,
        8420
      ],
      "visQ": 80
    },
    {
      "t": 6.9,
      "aQ": [
        null,
        239,
        null,
        27,
        299,
        268,
        312,
        308
      ],
      "dQ": [
        null,
        959,
        null,
        6460
      ],
      "visQ": 80
    },
    {
      "t": 7,
      "aQ": [
        null,
        237,
        null,
        30,
        298,
        256,
        309,
        287
      ],
      "dQ": [
        null,
        6340,
        null,
        6670
      ],
      "visQ": 80
    },
    {
      "t": 7.1,
      "aQ": [
        null,
        232,
        null,
        34,
        294,
        276,
        304,
        280
      ],
      "dQ": [
        null,
        8887,
        null,
        5334
      ],
      "visQ": 81
    }
  ]
}