{
  "v": 1,
  "exercise": "pushups",
  "fps": 10,
  "maxSec": 60,
  "modelComplexity": 1,
  "minDetectionConfidence": 0.8,
  "minTrackingConfidence": 0.8,
  "angles_scale": 100,
  "dists_scale": 1000,
  "frames": [
    {
      "t": 0,
      "aQ": [
        293,
        283,
        50,
        46,
        null,
        null,
        306,
        303
      ],
      "dQ": [
        1476,
        null,
        1274,
        1193
      ],
      "visQ": 79
    },
    {
      "t": 0.1,
      "aQ": [
        290,
        280,
        52,
        48,
        null,
        null,
        306,
        304
      ],
      "dQ": [
        1489,
        null,
        1212,
        1170
      ],
      "visQ": 78
    },
    {
      "t": 0.2,
      "aQ": [
        287,
        275,
        54,
        52,
        null,
        null,
        301,
        310
      ],
      "dQ": [
        1473,
        null,
        1162,
        1091
      ],
      "visQ": 78
    },
    {
      "t": 0.3,
      "aQ": [
        278,
        270,
        59,
        55,
        null,
        null,
        303,
        307
      ],
      "dQ": [
        1477,
        null,
        1016,
        961
      ],
      "visQ": 77
    },
    {
      "t": 0.4,
      "aQ": [
        274,
        265,
        61,
        58,
        null,
        null,
        null,
        306
      ],
      "dQ": [
        1467,
        null,
        890,
        837
      ],
      "visQ": 76
    },
    {
      "t": 0.5,
      "aQ": [
        266,
        261,
        65,
        67,
        null,
        null,
        null,
        null
      ],
      "dQ": [
        1465,
        null,
        820,
        811
      ],
      "visQ": 75
    },
    {
      "t": 0.6,
      "aQ": [
        257,
        257,
        71,
        73,
        null,
        null,
        null,
        null
      ],
      "dQ": [
        1435,
        null,
        711,
        737
      ],
      "visQ": 74
    },
    {
      "t": 0.7,
      "aQ": [
        246,
        246,
        80,
        83,
        null,
        null,
        null,
        null
      ],
      "dQ": [
        1397,
        null,
        627,
        681
      ],
      "visQ": 73
    },
    {
      "t": 0.8,
      "aQ": [
        235,
        235,
        91,
        94,
        null,
        null,
        null,
        null
      ],
      "dQ": [
        1388,
        null,
        575,
        623
      ],
      "visQ": 71
    },
    {
      "t": 0.9,
      "aQ": [
        223,
        229,
        103,
        103,
        null,
        null,
        null,
        null
      ],
      "dQ": [
        1384,
        null,
        571,
        598
      ],
      "visQ": 70
    },
    {
      "t": 1,
      "aQ": [
        220,
        227,
        106,
        102,
        null,
        null,
        null,
        null
      ],
      "dQ": [
        1381,
        null,
        554,
        564
      ],
      "visQ": 69
    },
    {
      "t": 1.1,
      "aQ": [
        224,
        227,
        103,
        103,
        null,
        null,
        null,
        null
      ],
      "dQ": [
        1365,
        null,
        545,
        555
      ],
      "visQ": 68
    },
    {
      "t": 1.2,
      "aQ": [
        237,
        232,
        90,
        99,
        null,
        null,
        null,
        null
      ],
      "dQ": [
        1358,
        null,
        554,
        556
      ],
      "visQ": 68
    },
    {
      "t": 1.3,
      "aQ": [
        253,
        246,
        76,
        85,
        null,
        null,
        null,
        null
      ],
      "dQ": [
        1368,
        null,
        623,
        620
      ],
      "visQ": 67
    },
    {
      "t": 1.4,
      "aQ": [
        265,
        258,
        66,
        74,
        null,
        null,
        null,
        null
      ],
      "dQ": [
        1393,
        null,
        699,
        714
      ],
      "visQ": 67
    },
    {
      "t": 1.5,
      "aQ": [
        273,
        264,
        59,
        65,
        null,
        null,
        null,
        null
      ],
      "dQ": [
        1427,
        null,
        778,
        781
      ],
      "visQ": 67
    },
    {
      "t": 1.6,
      "aQ": [
        278,
        274,
        56,
        56,
        null,
        null,
        null,
        null
      ],
      "dQ": [
        1411,
        null,
        876,
        839
      ],
      "visQ": 67
    },
    {
      "t": 1.7,
      "aQ": [
        285,
        280,
        51,
        51,
        null,
        null,
        null,
        null
      ],
      "dQ": [
        1419,
        null,
        952,
        942
      ],
      "visQ": 67
    },
    {
      "t": 1.8,
      "aQ": [
        294,
        287,
        44,
        45,
        null,
        null,
        null,
        null
      ],
      "dQ": [
        1411,
        null,
        1004,
        978
      ],
      "visQ": 67
    },
    {
      "t": 1.9,
      "aQ": [
        300,
        293,
        40,
        39,
        null,
        null,
        null,
        null
      ],
      "dQ": [
        1414,
        null,
        1025,
        1012
      ],
      "visQ": 67
    },
    {
      "t": 2,
      "aQ": [
        304,
        296,
        38,
        35,
        null,
        null,
        null,
        null
      ],
      "dQ": [
        1415,
        null,
        1023,
        1020
      ],
      "visQ": 67
    },
    {
      "t": 2.1,
      "aQ": [
        305,
        297,
        37,
        35,
        null,
        null,
        null,
        null
      ],
      "dQ": [
        1414,
        null,
        1037,
        1028
      ],
      "visQ": 67
    },
    {
      "t": 2.2,
      "aQ": [
        305,
        297,
        37,
        34,
        null,
        null,
        null,
        null
      ],
      "dQ": [
        1409,
        null,
        1034,
        1010
      ],
      "visQ": 67
    },
    {
      "t": 2.3,
      "aQ": [
        305,
        298,
        36,
        34,
        null,
        null,
        null,
        null
      ],
      "dQ": [
        1408,
        null,
        1007,
        1000
      ],
      "visQ": 67
    },
    {
      "t": 2.4,
      "aQ": [
        302,
        295,
        39,
        37,
        null,
        null,
        null,
        null
      ],
      "dQ": [
        1396,
        null,
        999,
        976
      ],
      "visQ": 67
    },
    {
      "t": 2.5,
      "aQ": [
        296,
        288,
        43,
        42,
        null,
        null,
        null,
        null
      ],
      "dQ": [
        1397,
        null,
        964,
        929
      ],
      "visQ": 67
    },
    {
      "t": 2.6,
      "aQ": [
        289,
        282,
        49,
        48,
        null,
        null,
        null,
        null
      ],
      "dQ": [
        1433,
        null,
        933,
        906
      ],
      "visQ": 67
    },
    {
      "t": 2.7,
      "aQ": [
        281,
        275,
        51,
        54,
        null,
        null,
        null,
        null
      ],
      "dQ": [
        1436,
        null,
        854,
        835
      ],
      "visQ": 67
    },
    {
      "t": 2.8,
      "aQ": [
        272,
        269,
        58,
        60,
        null,
        null,
        null,
        null
      ],
      "dQ": [
        1430,
        null,
        785,
        789
      ],
      "visQ": 67
    },
    {
      "t": 2.9,
      "aQ": [
        260,
        259,
        66,
        68,
        null,
        null,
        null,
        null
      ],
      "dQ": [
        1435,
        null,
        714,
        727
      ],
      "visQ": 66
    },
    {
      "t": 3,
      "aQ": [
        254,
        253,
        70,
        75,
        null,
        null,
        null,
        null
      ],
      "dQ": [
        1413,
        null,
        662,
        696
      ],
      "visQ": 66
    },
    {
      "t": 3.1,
      "aQ": [
        247,
        249,
        79,
        80,
        null,
        null,
        null,
        null
      ],
      "dQ": [
        1381,
        null,
        611,
        644
      ],
      "visQ": 66
    },
    {
      "t": 3.2,
      "aQ": [
        238,
        239,
        88,
        86,
        null,
        null,
        null,
        null
      ],
      "dQ": [
        1379,
        null,
        591,
        595
      ],
      "visQ": 65
    },
    {
      "t": 3.3,
      "aQ": [
        235,
        236,
        91,
        91,
        null,
        null,
        null,
        null
      ],
      "dQ": [
        1371,
        null,
        566,
        581
      ],
      "visQ": 65
    },
    {
      "t": 3.4,
      "aQ": [
        231,
        232,
        97,
        96,
        null,
        null,
        null,
        null
      ],
      "dQ": [
        1365,
        null,
        566,
        570
      ],
      "visQ": 64
    },
    {
      "t": 3.5,
      "aQ": [
        231,
        230,
        96,
        98,
        null,
        null,
        null,
        null
      ],
      "dQ": [
        1369,
        null,
        570,
        569
      ],
      "visQ": 64
    },
    {
      "t": 3.6,
      "aQ": [
        237,
        238,
        88,
        91,
        null,
        null,
        null,
        null
      ],
      "dQ": [
        1376,
        null,
        574,
        584
      ],
      "visQ": 64
    },
    {
      "t": 3.7,
      "aQ": [
        250,
        245,
        77,
        84,
        null,
        null,
        null,
        null
      ],
      "dQ": [
        1376,
        null,
        621,
        615
      ],
      "visQ": 63
    },
    {
      "t": 3.8,
      "aQ": [
        261,
        258,
        68,
        72,
        null,
        null,
        null,
        null
      ],
      "dQ": [
        1387,
        null,
        676,
        670
      ],
      "visQ": 63
    },
    {
      "t": 3.9,
      "aQ": [
        269,
        263,
        60,
        66,
        null,
        null,
        null,
        null
      ],
      "dQ": [
        1415,
        null,
        736,
        727
      ],
      "visQ": 64
    },
    {
      "t": 4,
      "aQ": [
        268,
        265,
        60,
        65,
        null,
        null,
        null,
        null
      ],
      "dQ": [
        1408,
        null,
        753,
        733
      ],
      "visQ": 64
    },
    {
      "t": 4.1,
      "aQ": [
        281,
        277,
        51,
        52,
        null,
        null,
        null,
        null
      ],
      "dQ": [
        1423,
        null,
        937,
        917
      ],
      "visQ": 64
    },
    {
      "t": 4.2,
      "aQ": [
        291,
        286,
        44,
        47,
        null,
        null,
        null,
        null
      ],
      "dQ": [
        1425,
        null,
        982,
        993
      ],
      "visQ": 65
    },
    {
      "t": 4.3,
      "aQ": [
        298,
        292,
        41,
        42,
        null,
        null,
        null,
        null
      ],
      "dQ": [
        1418,
        null,
        999,
        1003
      ],
      "visQ": 65
    },
    {
      "t": 4.4,
      "aQ": [
        301,
        294,
        40,
        39,
        null,
        null,
        null,
        null
      ],
      "dQ": [
        1398,
        null,
        1008,
        991
      ],
      "visQ": 65
    },
    {
      "t": 4.5,
      "aQ": [
        301,
        296,
        40,
        38,
        null,
        null,
        null,
        null
      ],
      "dQ": [
        1407,
        null,
        1018,
        997
      ],
      "visQ": 65
    },
    {
      "t": 4.6,
      "aQ": [
        301,
        297,
        40,
        37,
        null,
        null,
        null,
        null
      ],
      "dQ": [
        1404,
        null,
        1023,
        998
      ],
      "visQ": 66
    },
    {
      "t": 4.7,
      "aQ": [
        301,
        296,
        40,
        37,
        null,
        null,
        null,
        null
      ],
      "dQ": [
        1406,
        null,
        1010,
        988
      ],
      "visQ": 66
    },
    {
      "t": 4.8,
      "aQ": [
        298,
        291,
        42,
        41,
        null,
        null,
        null,
        null
      ],
      "dQ": [
        1404,
        null,
        960,
        940
      ],
      "visQ": 66
    },
    {
      "t": 4.9,
      "aQ": [
        291,
        286,
        46,
        46,
        null,
        null,
        null,
        null
      ],
      "dQ": [
        1420,
        null,
        921,
        918
      ],
      "visQ": 66
    },
    {
      "t": 5,
      "aQ": [
        283,
        279,
        53,
        51,
        null,
        null,
        null,
        null
      ],
      "dQ": [
        1426,
        null,
        926,
        885
      ],
      "visQ": 66
    },
    {
      "t": 5.1,
      "aQ": [
        273,
        271,
        57,
        56,
        null,
        null,
        null,
        null
      ],
      "dQ": [
        1442,
        null,
        825,
        780
      ],
      "visQ": 66
    },
    {
      "t": 5.2,
      "aQ": [
        265,
        258,
        62,
        68,
        null,
        null,
        null,
        null
      ],
      "dQ": [
        1447,
        null,
        732,
        715
      ],
      "visQ": 66
    },
    {
      "t": 5.3,
      "aQ": [
        253,
        248,
        72,
        76,
        null,
        null,
        null,
        null
      ],
      "dQ": [
        1427,
        null,
        664,
        660
      ],
      "visQ": 65
    },
    {
      "t": 5.4,
      "aQ": [
        241,
        241,
        85,
        82,
        null,
        null,
        null,
        null
      ],
      "dQ": [
        1391,
        null,
        617,
        597
      ],
      "visQ": 65
    },
    {
      "t": 5.5,
      "aQ": [
        226,
        233,
        100,
        91,
        null,
        null,
        null,
        null
      ],
      "dQ": [
        1388,
        null,
        568,
        548
      ],
      "visQ": 64
    },
    {
      "t": 5.6,
      "aQ": [
        219,
        223,
        107,
        103,
        null,
        null,
        null,
        null
      ],
      "dQ": [
        1390,
        null,
        552,
        543
      ],
      "visQ": 64
    },
    {
      "t": 5.7,
      "aQ": [
        215,
        220,
        110,
        106,
        null,
        null,
        null,
        null
      ],
      "dQ": [
        1382,
        null,
        546,
        544
      ],
      "visQ": 64
    },
    {
      "t": 5.8,
      "aQ": [
        224,
        223,
        102,
        104,
        null,
        null,
        null,
        null
      ],
      "dQ": [
        1384,
        null,
        572,
        552
      ],
      "visQ": 63
    },
    {
      "t": 5.9,
      "aQ": [
        243,
        236,
        82,
        91,
        null,
        null,
        null,
        null
      ],
      "dQ": [
        1389,
        null,
        604,
        594
      ],
      "visQ": 63
    },
    {
      "t": 6,
      "aQ": [
        256,
        252,
        72,
        74,
        null,
        null,
        null,
        null
      ],
      "dQ": [
        1414,
        null,
        692,
        697
      ],
      "visQ": 64
    },
    {
      "t": 6.1,
      "aQ": [
        269,
        262,
        60,
        67,
        null,
        null,
        null,
        null
      ],
      "dQ": [
        1424,
        null,
        756,
        751
      ],
      "visQ": 64
    },
    {
      "t": 6.2,
      "aQ": [
        274,
        272,
        57,
        57,
        null,
        null,
        null,
        null
      ],
      "dQ": [
        1409,
        null,
        890,
        862
      ],
      "visQ": 64
    },
    {
      "t": 6.3,
      "aQ": [
        286,
        278,
        50,
        50,
        null,
        null,
        null,
        null
      ],
      "dQ": [
        1428,
        null,
        961,
        949
      ],
      "visQ": 64
    },
    {
      "t": 6.4,
      "aQ": [
        293,
        288,
        46,
        43,
        null,
        null,
        null,
        null
      ],
      "dQ": [
        1437,
        null,
        1008,
        981
      ],
      "visQ": 65
    },
    {
      "t": 6.5,
      "aQ": [
        298,
        293,
        43,
        39,
        null,
        null,
        null,
        null
      ],
      "dQ": [
        1428,
        null,
        1038,
        1004
      ],
      "visQ": 65
    },
    {
      "t": 6.6,
      "aQ": [
        301,
        296,
        42,
        37,
        null,
        null,
        null,
        null
      ],
      "dQ": [
        1422,
        null,
        1050,
        1017
      ],
      "visQ": 65
    },
    {
      "t": 6.7,
      "aQ": [
        302,
        297,
        41,
        36,
        null,
        null,
        null,
        null
      ],
      "dQ": [
        1426,
        null,
        1055,
        1016
      ],
      "visQ": 65
    },
    {
      "t": 6.8,
      "aQ": [
        302,
        297,
        40,
        35,
        null,
        null,
        null,
        null
      ],
      "dQ": [
        1420,
        null,
        1042,
        1028
      ],
      "visQ": 65
    },
    {
      "t": 6.9,
      "aQ": [
        302,
        297,
        40,
        36,
        null,
        null,
        null,
        null
      ],
      "dQ": [
        1417,
        null,
        1029,
        1021
      ],
      "visQ": 65
    },
    {
      "t": 7,
      "aQ": [
        301,
        293,
        40,
        39,
        null,
        null,
        null,
        null
      ],
      "dQ": [
        1417,
        null,
        1014,
        1000
      ],
      "visQ": 66
    }
  ]
}