{
  "v": 1,
  "exercise": "russian_twists",
  "fps": 10,
  "maxSec": 60,
  "modelComplexity": 1,
  "minDetectionConfidence": 0.8,
  "minTrackingConfidence": 0.8,
  "angles_scale": 100,
  "dists_scale": 1000,
  "frames": [
    {
      "t": 0.1,
      "aQ": [
        null,
        264,
        null,
        19,
        null,
        116,
        null,
        67
      ],
      "dQ": [
        null,
        391,
        null,
        4968
      ],
      "visQ": 77
    },
    {
      "t": 0.2,
      "aQ": [
        null,
        228,
        null,
        24,
        null,
        116,
        null,
        66
      ],
      "dQ": [
        null,
        365,
        null,
        4596
      ],
      "visQ": 77
    },
    {
      "t": 0.3,
      "aQ": [
        null,
        109,
        null,
        26,
        null,
        117,
        null,
        76
      ],
      "dQ": [
        null,
        500,
        null,
        9754
      ],
      "visQ": 77
    },
    {
      "t": 0.4,
      "aQ": [
        null,
        68,
        null,
        6,
        null,
        118,
        null,
        84
      ],
      "dQ": [
        null,
        194,
        null,
        3223
      ],
      "visQ": 79
    },
    {
      "t": 0.5,
      "aQ": [
        null,
        48,
        null,
        28,
        null,
        119,
        null,
        89
      ],
      "dQ": [
        null,
        129,
        null,
        2007
      ],
      "visQ": 80
    },
    {
      "t": 0.6,
      "aQ": [
        null,
        44,
        null,
        40,
        null,
        123,
        null,
        92
      ],
      "dQ": [
        null,
        111,
        null,
        966
      ],
      "visQ": 82
    },
    {
      "t": 0.7,
      "aQ": [
        null,
        173,
        null,
        36,
        107,
        129,
        59,
        94
      ],
      "dQ": [
        null,
        112,
        null,
        812
      ],
      "visQ": 83
    },
    {
      "t": 0.8,
      "aQ": [
        null,
        79,
        null,
        35,
        107,
        131,
        59,
        94
      ],
      "dQ": [
        null,
        116,
        null,
        807
      ],
      "visQ": 84
    },
    {
      "t": 0.9,
      "aQ": [
        null,
        43,
        null,
        31,
        109,
        127,
        62,
        94
      ],
      "dQ": [
        null,
        132,
        null,
        1451
      ],
      "visQ": 85
    },
    {
      "t": 1,
      "aQ": [
        null,
        59,
        null,
        11,
        107,
        120,
        62,
        89
      ],
      "dQ": [
        374,
        166,
        2164,
        2300
      ],
      "visQ": 86
    },
    {
      "t": 1.1,
      "aQ": [
        null,
        105,
        null,
        33,
        108,
        119,
        68,
        82
      ],
      "dQ": [
        165,
        316,
        3662,
        4234
      ],
      "visQ": 86
    },
    {
      "t": 1.2,
      "aQ": [
        null,
        116,
        null,
        31,
        119,
        117,
        80,
        72
      ],
      "dQ": [
        null,
        3897,
        null,
        46614
      ],
      "visQ": 85
    },
    {
      "t": 1.3,
      "aQ": [
        null,
        198,
        null,
        22,
        122,
        115,
        81,
        69
      ],
      "dQ": [
        null,
        662,
        null,
        6602
      ],
      "visQ": 85
    },
    {
      "t": 1.4,
      "aQ": [
        null,
        163,
        null,
        18,
        123,
        115,
        82,
        70
      ],
      "dQ": [
        null,
        675,
        null,
        6853
      ],
      "visQ": 84
    },
    {
      "t": 1.5,
      "aQ": [
        null,
        114,
        null,
        24,
        122,
        120,
        77,
        77
      ],
      "dQ": [
        null,
        901,
        null,
        14120
      ],
      "visQ": 83
    },
    {
      "t": 1.6,
      "aQ": [
        null,
        71,
        null,
        3,
        116,
        124,
        71,
        89
      ],
      "dQ": [
        null,
        232,
        null,
        3573
      ],
      "visQ": 85
    },
    {
      "t": 1.7,
      "aQ": [
        null,
        53,
        null,
        16,
        120,
        130,
        69,
        95
      ],
      "dQ": [
        null,
        178,
        null,
        2607
      ],
      "visQ": 85
    },
    {
      "t": 1.8,
      "aQ": [
        null,
        35,
        null,
        37,
        119,
        129,
        66,
        98
      ],
      "dQ": [
        530,
        144,
        1350,
        1250
      ],
      "visQ": 86
    },
    {
      "t": 1.9,
      "aQ": [
        163,
        42,
        21,
        41,
        114,
        131,
        65,
        98
      ],
      "dQ": [
        496,
        148,
        901,
        901
      ],
      "visQ": 87
    },
    {
      "t": 2,
      "aQ": [
        165,
        41,
        20,
        41,
        114,
        132,
        65,
        99
      ],
      "dQ": [
        523,
        156,
        876,
        857
      ],
      "visQ": 88
    },
    {
      "t": 2.1,
      "aQ": [
        99,
        34,
        24,
        39,
        115,
        129,
        65,
        98
      ],
      "dQ": [
        468,
        174,
        1225,
        1208
      ],
      "visQ": 89
    },
    {
      "t": 2.2,
      "aQ": [
        20,
        64,
        46,
        7,
        114,
        127,
        64,
        93
      ],
      "dQ": [
        374,
        236,
        2141,
        2240
      ],
      "visQ": 89
    },
    {
      "t": 2.3,
      "aQ": [
        55,
        98,
        50,
        27,
        116,
        129,
        67,
        87
      ],
      "dQ": [
        204,
        329,
        3175,
        3496
      ],
      "visQ": 89
    },
    {
      "t": 2.4,
      "aQ": [
        87,
        111,
        20,
        34,
        121,
        122,
        76,
        77
      ],
      "dQ": [
        1322,
        1187,
        10116,
        12334
      ],
      "visQ": 89
    },
    {
      "t": 2.5,
      "aQ": [
        125,
        132,
        1,
        28,
        126,
        119,
        81,
        70
      ],
      "dQ": [
        2217,
        1016,
        7557,
        9827
      ],
      "visQ": 87
    },
    {
      "t": 2.6,
      "aQ": [
        null,
        188,
        null,
        20,
        129,
        118,
        82,
        69
      ],
      "dQ": [
        2232,
        658,
        4732,
        5879
      ],
      "visQ": 87
    },
    {
      "t": 2.7,
      "aQ": [
        null,
        178,
        null,
        19,
        128,
        119,
        81,
        70
      ],
      "dQ": [
        null,
        728,
        null,
        7259
      ],
      "visQ": 86
    },
    {
      "t": 2.8,
      "aQ": [
        null,
        94,
        null,
        10,
        116,
        125,
        66,
        83
      ],
      "dQ": [
        null,
        260,
        null,
        3895
      ],
      "visQ": 86
    },
    {
      "t": 2.9,
      "aQ": [
        null,
        66,
        null,
        7,
        113,
        124,
        64,
        87
      ],
      "dQ": [
        492,
        246,
        3086,
        2996
      ],
      "visQ": 87
    },
    {
      "t": 3,
      "aQ": [
        73,
        41,
        39,
        33,
        114,
        124,
        62,
        91
      ],
      "dQ": [
        554,
        156,
        1512,
        1380
      ],
      "visQ": 88
    },
    {
      "t": 3.1,
      "aQ": [
        152,
        31,
        21,
        40,
        112,
        127,
        61,
        94
      ],
      "dQ": [
        528,
        144,
        990,
        927
      ],
      "visQ": 88
    },
    {
      "t": 3.2,
      "aQ": [
        181,
        41,
        10,
        39,
        110,
        129,
        61,
        95
      ],
      "dQ": [
        510,
        151,
        821,
        761
      ],
      "visQ": 89
    },
    {
      "t": 3.3,
      "aQ": [
        161,
        41,
        15,
        41,
        109,
        127,
        62,
        96
      ],
      "dQ": [
        614,
        172,
        881,
        780
      ],
      "visQ": 89
    },
    {
      "t": 3.4,
      "aQ": [
        2,
        47,
        49,
        23,
        111,
        128,
        64,
        94
      ],
      "dQ": [
        519,
        201,
        1810,
        1916
      ],
      "visQ": 90
    },
    {
      "t": 3.5,
      "aQ": [
        45,
        73,
        63,
        2,
        112,
        128,
        65,
        89
      ],
      "dQ": [
        372,
        261,
        2623,
        2726
      ],
      "visQ": 90
    },
    {
      "t": 3.6,
      "aQ": [
        66,
        108,
        38,
        37,
        113,
        127,
        70,
        82
      ],
      "dQ": [
        42,
        460,
        4239,
        4765
      ],
      "visQ": 90
    },
    {
      "t": 3.7,
      "aQ": [
        68,
        110,
        37,
        40,
        115,
        128,
        70,
        81
      ],
      "dQ": [
        27,
        493,
        4510,
        5060
      ],
      "visQ": 89
    },
    {
      "t": 3.8,
      "aQ": [
        183,
        157,
        22,
        24,
        124,
        119,
        85,
        67
      ],
      "dQ": [
        2352,
        439,
        3351,
        4894
      ],
      "visQ": 88
    },
    {
      "t": 3.9,
      "aQ": [
        null,
        166,
        null,
        20,
        125,
        119,
        86,
        67
      ],
      "dQ": [
        1640,
        246,
        2742,
        3573
      ],
      "visQ": 87
    },
    {
      "t": 4,
      "aQ": [
        null,
        98,
        null,
        22,
        129,
        121,
        84,
        72
      ],
      "dQ": [
        null,
        577,
        null,
        8562
      ],
      "visQ": 86
    },
    {
      "t": 4.1,
      "aQ": [
        null,
        101,
        null,
        23,
        118,
        124,
        73,
        84
      ],
      "dQ": [
        null,
        304,
        null,
        5483
      ],
      "visQ": 86
    },
    {
      "t": 4.2,
      "aQ": [
        null,
        65,
        null,
        9,
        115,
        124,
        70,
        93
      ],
      "dQ": [
        446,
        202,
        2886,
        2921
      ],
      "visQ": 87
    },
    {
      "t": 4.3,
      "aQ": [
        2,
        45,
        45,
        31,
        116,
        123,
        71,
        97
      ],
      "dQ": [
        650,
        147,
        2096,
        1956
      ],
      "visQ": 87
    },
    {
      "t": 4.4,
      "aQ": [
        144,
        25,
        22,
        43,
        113,
        123,
        70,
        99
      ],
      "dQ": [
        498,
        131,
        1044,
        1113
      ],
      "visQ": 88
    },
    {
      "t": 4.5,
      "aQ": [
        177,
        25,
        9,
        41,
        113,
        127,
        71,
        102
      ],
      "dQ": [
        482,
        134,
        891,
        881
      ],
      "visQ": 88
    },
    {
      "t": 4.6,
      "aQ": [
        127,
        127,
        3,
        8,
        143,
        143,
        109,
        109
      ],
      "dQ": [
        160,
        430,
        4089,
        5059
      ],
      "visQ": 88
    },
    {
      "t": 4.7,
      "aQ": [
        null,
        116,
        null,
        18,
        151,
        151,
        115,
        109
      ],
      "dQ": [
        577,
        1924,
        15386,
        19516
      ],
      "visQ": 87
    },
    {
      "t": 4.8,
      "aQ": [
        null,
        79,
        null,
        28,
        152,
        154,
        121,
        95
      ],
      "dQ": [
        null,
        307,
        null,
        2736
      ],
      "visQ": 86
    },
    {
      "t": 4.9,
      "aQ": [
        null,
        151,
        null,
        20,
        153,
        152,
        124,
        89
      ],
      "dQ": [
        null,
        174,
        null,
        1068
      ],
      "visQ": 85
    },
    {
      "t": 5,
      "aQ": [
        null,
        113,
        null,
        15,
        154,
        150,
        126,
        87
      ],
      "dQ": [
        null,
        153,
        null,
        1054
      ],
      "visQ": 84
    },
    {
      "t": 5.1,
      "aQ": [
        null,
        114,
        null,
        12,
        151,
        147,
        127,
        87
      ],
      "dQ": [
        null,
        157,
        null,
        1024
      ],
      "visQ": 83
    },
    {
      "t": 5.2,
      "aQ": [
        null,
        1,
        null,
        21,
        150,
        148,
        117,
        91
      ],
      "dQ": [
        null,
        245,
        null,
        2183
      ],
      "visQ": 82
    },
    {
      "t": 5.3,
      "aQ": [
        null,
        111,
        null,
        18,
        154,
        151,
        115,
        103
      ],
      "dQ": [
        null,
        1555,
        null,
        13628
      ],
      "visQ": 82
    },
    {
      "t": 5.4,
      "aQ": [
        null,
        119,
        null,
        13,
        154,
        152,
        111,
        111
      ],
      "dQ": [
        null,
        533,
        null,
        5065
      ],
      "visQ": 82
    },
    {
      "t": 5.5,
      "aQ": [
        null,
        122,
        null,
        12,
        150,
        154,
        100,
        122
      ],
      "dQ": [
        null,
        139,
        null,
        1318
      ],
      "visQ": 82
    },
    {
      "t": 5.6,
      "aQ": [
        null,
        120,
        null,
        26,
        149,
        151,
        97,
        125
      ],
      "dQ": [
        null,
        141,
        null,
        877
      ],
      "visQ": 83
    },
    {
      "t": 5.7,
      "aQ": [
        null,
        124,
        null,
        38,
        147,
        149,
        95,
        124
      ],
      "dQ": [
        null,
        125,
        null,
        639
      ],
      "visQ": 83
    },
    {
      "t": 5.8,
      "aQ": [
        null,
        124,
        null,
        36,
        148,
        149,
        96,
        124
      ],
      "dQ": [
        null,
        121,
        null,
        662
      ],
      "visQ": 84
    },
    {
      "t": 5.9,
      "aQ": [
        null,
        122,
        null,
        16,
        151,
        151,
        100,
        123
      ],
      "dQ": [
        null,
        128,
        null,
        1004
      ],
      "visQ": 84
    },
    {
      "t": 6,
      "aQ": [
        null,
        121,
        null,
        4,
        150,
        150,
        109,
        115
      ],
      "dQ": [
        null,
        218,
        null,
        2074
      ],
      "visQ": 84
    },
    {
      "t": 6.1,
      "aQ": [
        null,
        114,
        null,
        15,
        152,
        150,
        116,
        108
      ],
      "dQ": [
        null,
        1103,
        null,
        11532
      ],
      "visQ": 84
    },
    {
      "t": 6.2,
      "aQ": [
        null,
        113,
        null,
        15,
        152,
        151,
        115,
        108
      ],
      "dQ": [
        null,
        1450,
        null,
        14594
      ],
      "visQ": 84
    },
    {
      "t": 6.3,
      "aQ": [
        null,
        113,
        null,
        14,
        152,
        151,
        115,
        108
      ],
      "dQ": [
        null,
        1425,
        null,
        14523
      ],
      "visQ": 83
    },
    {
      "t": 6.4,
      "aQ": [
        null,
        113,
        null,
        12,
        151,
        151,
        115,
        108
      ],
      "dQ": [
        null,
        1484,
        null,
        15651
      ],
      "visQ": 83
    },
    {
      "t": 6.5,
      "aQ": [
        null,
        113,
        null,
        13,
        151,
        149,
        116,
        108
      ],
      "dQ": [
        null,
        1330,
        null,
        14591
      ],
      "visQ": 83
    },
    {
      "t": 6.6,
      "aQ": [
        null,
        113,
        null,
        13,
        150,
        147,
        116,
        109
      ],
      "dQ": [
        null,
        1237,
        null,
        13619
      ],
      "visQ": 82
    },
    {
      "t": 6.7,
      "aQ": [
        null,
        114,
        null,
        13,
        149,
        146,
        116,
        109
      ],
      "dQ": [
        null,
        1280,
        null,
        13530
      ],
      "visQ": 82
    },
    {
      "t": 6.8,
      "aQ": [
        null,
        114,
        null,
        14,
        null,
        146,
        null,
        109
      ],
      "dQ": [
        null,
        1295,
        null,
        13711
      ],
      "visQ": 82
    },
    {
      "t": 6.9,
      "aQ": [
        null,
        115,
        null,
        14,
        null,
        146,
        null,
        109
      ],
      "dQ": [
        null,
        1321,
        null,
        13788
      ],
      "visQ": 82
    },
    {
      "t": 7,
      "aQ": [
        null,
        115,
        null,
        14,
        null,
        146,
        null,
        109
      ],
      "dQ": [
        null,
        1326,
        null,
        13813
      ],
      "visQ": 82
    },
    {
      "t": 7.1,
      "aQ": [
        null,
        115,
        null,
        15,
        null,
        147,
        null,
        109
      ],
      "dQ": [
        null,
        1328,
        null,
        13799
      ],
      "visQ": 81
    },
    {
      "t": 7.2,
      "aQ": [
        null,
        115,
        null,
        15,
        null,
        148,
        null,
        110
      ],
      "dQ": [
        null,
        1253,
        null,
        13805
      ],
      "visQ": 81
    },
    {
      "t": 7.3,
      "aQ": [
        null,
        115,
        null,
        15,
        null,
        148,
        null,
        110
      ],
      "dQ": [
        null,
        1188,
        null,
        13715
      ],
      "visQ": 81
    }
  ]
}