{
  "v": 1,
  "exercise": "shoulder_taps",
  "fps": 10,
  "maxSec": 60,
  "modelComplexity": 1,
  "minDetectionConfidence": 0.8,
  "minTrackingConfidence": 0.8,
  "angles_scale": 100,
  "dists_scale": 1000,
  "frames": [
    {
      "t": 0,
      "aQ": [
        284,
        286,
        121,
        132,
        null,
        null,
        248,
        238
      ],
      "dQ": [
        1358,
        null,
        755,
        809
      ],
      "visQ": 76
    },
    {
      "t": 0.1,
      "aQ": [
        289,
        287,
        119,
        133,
        null,
        null,
        241,
        244
      ],
      "dQ": [
        1334,
        null,
        757,
        795
      ],
      "visQ": 76
    },
    {
      "t": 0.2,
      "aQ": [
        286,
        286,
        123,
        133,
        null,
        null,
        236,
        244
      ],
      "dQ": [
        1312,
        null,
        753,
        789
      ],
      "visQ": 76
    },
    {
      "t": 0.3,
      "aQ": [
        284,
        286,
        125,
        136,
        null,
        null,
        234,
        239
      ],
      "dQ": [
        1305,
        null,
        749,
        790
      ],
      "visQ": 76
    },
    {
      "t": 0.4,
      "aQ": [
        283,
        290,
        124,
        135,
        null,
        null,
        235,
        236
      ],
      "dQ": [
        1300,
        null,
        752,
        787
      ],
      "visQ": 76
    },
    {
      "t": 0.5,
      "aQ": [
        280,
        291,
        126,
        136,
        null,
        null,
        238,
        233
      ],
      "dQ": [
        1300,
        null,
        759,
        795
      ],
      "visQ": 76
    },
    {
      "t": 0.6,
      "aQ": [
        278,
        294,
        126,
        138,
        null,
        null,
        237,
        229
      ],
      "dQ": [
        1290,
        null,
        757,
        790
      ],
      "visQ": 76
    },
    {
      "t": 0.7,
      "aQ": [
        280,
        297,
        130,
        138,
        null,
        null,
        236,
        222
      ],
      "dQ": [
        1281,
        null,
        755,
        784
      ],
      "visQ": 76
    },
    {
      "t": 0.8,
      "aQ": [
        288,
        299,
        128,
        139,
        null,
        null,
        237,
        213
      ],
      "dQ": [
        1282,
        null,
        744,
        789
      ],
      "visQ": 76
    },
    {
      "t": 0.9,
      "aQ": [
        288,
        294,
        131,
        134,
        null,
        null,
        228,
        236
      ],
      "dQ": [
        1303,
        null,
        783,
        751
      ],
      "visQ": 76
    },
    {
      "t": 1,
      "aQ": [
        289,
        296,
        145,
        151,
        null,
        null,
        215,
        203
      ],
      "dQ": [
        1302,
        null,
        804,
        806
      ],
      "visQ": 76
    },
    {
      "t": 1.1,
      "aQ": [
        285,
        301,
        146,
        149,
        null,
        null,
        221,
        203
      ],
      "dQ": [
        1299,
        null,
        784,
        803
      ],
      "visQ": 76
    },
    {
      "t": 1.2,
      "aQ": [
        289,
        300,
        150,
        146,
        null,
        null,
        214,
        213
      ],
      "dQ": [
        1314,
        null,
        814,
        790
      ],
      "visQ": 76
    },
    {
      "t": 1.3,
      "aQ": [
        288,
        295,
        151,
        149,
        null,
        null,
        212,
        212
      ],
      "dQ": [
        1306,
        null,
        820,
        781
      ],
      "visQ": 77
    },
    {
      "t": 1.4,
      "aQ": [
        298,
        293,
        149,
        151,
        null,
        null,
        211,
        207
      ],
      "dQ": [
        1353,
        null,
        836,
        785
      ],
      "visQ": 77
    },
    {
      "t": 1.5,
      "aQ": [
        304,
        292,
        147,
        152,
        null,
        null,
        210,
        215
      ],
      "dQ": [
        1353,
        null,
        814,
        794
      ],
      "visQ": 77
    },
    {
      "t": 1.6,
      "aQ": [
        305,
        289,
        138,
        146,
        null,
        null,
        222,
        223
      ],
      "dQ": [
        1386,
        null,
        802,
        820
      ],
      "visQ": 77
    },
    {
      "t": 1.7,
      "aQ": [
        301,
        284,
        146,
        149,
        null,
        null,
        215,
        211
      ],
      "dQ": [
        1376,
        null,
        799,
        805
      ],
      "visQ": 78
    },
    {
      "t": 1.8,
      "aQ": [
        292,
        282,
        156,
        170,
        null,
        null,
        214,
        197
      ],
      "dQ": [
        1401,
        null,
        832,
        850
      ],
      "visQ": 78
    },
    {
      "t": 1.9,
      "aQ": [
        291,
        274,
        159,
        185,
        null,
        null,
        203,
        202
      ],
      "dQ": [
        1381,
        null,
        831,
        831
      ],
      "visQ": 78
    },
    {
      "t": 2,
      "aQ": [
        290,
        291,
        157,
        178,
        null,
        null,
        206,
        167
      ],
      "dQ": [
        1373,
        null,
        824,
        836
      ],
      "visQ": 78
    },
    {
      "t": 2.1,
      "aQ": [
        294,
        287,
        149,
        176,
        null,
        null,
        214,
        177
      ],
      "dQ": [
        1370,
        null,
        813,
        822
      ],
      "visQ": 78
    },
    {
      "t": 2.2,
      "aQ": [
        290,
        284,
        158,
        181,
        null,
        null,
        206,
        144
      ],
      "dQ": [
        1454,
        null,
        857,
        898
      ],
      "visQ": 78
    },
    {
      "t": 2.3,
      "aQ": [
        287,
        293,
        164,
        173,
        null,
        null,
        201,
        140
      ],
      "dQ": [
        1395,
        null,
        828,
        871
      ],
      "visQ": 77
    },
    {
      "t": 2.4,
      "aQ": [
        286,
        292,
        171,
        170,
        null,
        null,
        198,
        141
      ],
      "dQ": [
        1386,
        null,
        828,
        858
      ],
      "visQ": 77
    },
    {
      "t": 2.5,
      "aQ": [
        286,
        294,
        171,
        170,
        null,
        null,
        200,
        142
      ],
      "dQ": [
        1379,
        null,
        824,
        855
      ],
      "visQ": 76
    },
    {
      "t": 2.6,
      "aQ": [
        276,
        293,
        172,
        169,
        null,
        null,
        205,
        151
      ],
      "dQ": [
        1459,
        null,
        881,
        886
      ],
      "visQ": 75
    },
    {
      "t": 2.7,
      "aQ": [
        265,
        284,
        228,
        200,
        null,
        null,
        148,
        128
      ],
      "dQ": [
        1561,
        null,
        968,
        1008
      ],
      "visQ": 75
    },
    {
      "t": 2.8,
      "aQ": [
        267,
        276,
        256,
        222,
        null,
        null,
        124,
        116
      ],
      "dQ": [
        1519,
        null,
        934,
        979
      ],
      "visQ": 74
    },
    {
      "t": 2.9,
      "aQ": [
        285,
        294,
        224,
        204,
        null,
        null,
        107,
        123
      ],
      "dQ": [
        1360,
        null,
        853,
        928
      ],
      "visQ": 73
    },
    {
      "t": 3,
      "aQ": [
        277,
        291,
        245,
        222,
        null,
        null,
        92,
        null
      ],
      "dQ": [
        1352,
        null,
        862,
        942
      ],
      "visQ": 72
    },
    {
      "t": 3.1,
      "aQ": [
        282,
        287,
        259,
        253,
        null,
        null,
        87,
        null
      ],
      "dQ": [
        1360,
        null,
        917,
        947
      ],
      "visQ": 71
    },
    {
      "t": 3.2,
      "aQ": [
        283,
        285,
        245,
        248,
        null,
        null,
        null,
        null
      ],
      "dQ": [
        1376,
        null,
        937,
        954
      ],
      "visQ": 70
    },
    {
      "t": 3.3,
      "aQ": [
        279,
        292,
        240,
        230,
        null,
        null,
        null,
        null
      ],
      "dQ": [
        1362,
        null,
        887,
        924
      ],
      "visQ": 69
    },
    {
      "t": 3.4,
      "aQ": [
        284,
        285,
        246,
        230,
        null,
        null,
        null,
        null
      ],
      "dQ": [
        1387,
        null,
        942,
        950
      ],
      "visQ": 68
    },
    {
      "t": 3.5,
      "aQ": [
        287,
        292,
        235,
        232,
        null,
        null,
        null,
        null
      ],
      "dQ": [
        1416,
        null,
        961,
        963
      ],
      "visQ": 68
    },
    {
      "t": 3.6,
      "aQ": [
        285,
        294,
        238,
        252,
        null,
        null,
        null,
        null
      ],
      "dQ": [
        1406,
        null,
        994,
        969
      ],
      "visQ": 67
    },
    {
      "t": 3.7,
      "aQ": [
        279,
        303,
        262,
        257,
        null,
        null,
        null,
        null
      ],
      "dQ": [
        1396,
        null,
        1034,
        998
      ],
      "visQ": 67
    },
    {
      "t": 3.8,
      "aQ": [
        279,
        281,
        281,
        292,
        null,
        null,
        null,
        null
      ],
      "dQ": [
        1438,
        null,
        1067,
        1045
      ],
      "visQ": 66
    },
    {
      "t": 3.9,
      "aQ": [
        287,
        277,
        274,
        297,
        null,
        null,
        null,
        null
      ],
      "dQ": [
        1440,
        null,
        1065,
        1069
      ],
      "visQ": 66
    },
    {
      "t": 4,
      "aQ": [
        298,
        293,
        257,
        270,
        null,
        null,
        null,
        null
      ],
      "dQ": [
        1380,
        null,
        1002,
        1006
      ],
      "visQ": 65
    },
    {
      "t": 4.1,
      "aQ": [
        283,
        302,
        238,
        236,
        null,
        null,
        null,
        null
      ],
      "dQ": [
        1364,
        null,
        1012,
        942
      ],
      "visQ": 65
    },
    {
      "t": 4.2,
      "aQ": [
        289,
        298,
        249,
        251,
        null,
        null,
        null,
        null
      ],
      "dQ": [
        1357,
        null,
        1005,
        1011
      ],
      "visQ": 65
    },
    {
      "t": 4.3,
      "aQ": [
        285,
        293,
        245,
        264,
        null,
        null,
        null,
        null
      ],
      "dQ": [
        1378,
        null,
        997,
        963
      ],
      "visQ": 64
    },
    {
      "t": 4.4,
      "aQ": [
        282,
        290,
        251,
        271,
        null,
        null,
        null,
        null
      ],
      "dQ": [
        1431,
        null,
        1040,
        1007
      ],
      "visQ": 64
    },
    {
      "t": 4.5,
      "aQ": [
        281,
        294,
        257,
        272,
        null,
        null,
        null,
        null
      ],
      "dQ": [
        1402,
        null,
        1024,
        995
      ],
      "visQ": 64
    },
    {
      "t": 4.6,
      "aQ": [
        286,
        285,
        247,
        274,
        null,
        null,
        null,
        null
      ],
      "dQ": [
        1430,
        null,
        1013,
        963
      ],
      "visQ": 64
    },
    {
      "t": 4.7,
      "aQ": [
        288,
        283,
        249,
        270,
        null,
        null,
        null,
        null
      ],
      "dQ": [
        1413,
        null,
        1011,
        952
      ],
      "visQ": 63
    },
    {
      "t": 4.8,
      "aQ": [
        290,
        279,
        231,
        272,
        null,
        null,
        null,
        null
      ],
      "dQ": [
        1432,
        null,
        972,
        928
      ],
      "visQ": 63
    },
    {
      "t": 4.9,
      "aQ": [
        299,
        291,
        200,
        256,
        null,
        null,
        null,
        null
      ],
      "dQ": [
        1429,
        null,
        937,
        898
      ],
      "visQ": 63
    },
    {
      "t": 5,
      "aQ": [
        306,
        288,
        181,
        229,
        null,
        null,
        null,
        null
      ],
      "dQ": [
        1431,
        null,
        894,
        882
      ],
      "visQ": 63
    },
    {
      "t": 5.1,
      "aQ": [
        306,
        280,
        190,
        235,
        null,
        null,
        null,
        null
      ],
      "dQ": [
        1447,
        null,
        929,
        936
      ],
      "visQ": 63
    },
    {
      "t": 5.2,
      "aQ": [
        303,
        283,
        192,
        230,
        null,
        null,
        null,
        null
      ],
      "dQ": [
        1418,
        null,
        907,
        919
      ],
      "visQ": 62
    },
    {
      "t": 5.3,
      "aQ": [
        305,
        296,
        190,
        197,
        null,
        null,
        null,
        null
      ],
      "dQ": [
        1386,
        null,
        880,
        884
      ],
      "visQ": 62
    },
    {
      "t": 5.4,
      "aQ": [
        298,
        288,
        198,
        198,
        null,
        null,
        null,
        null
      ],
      "dQ": [
        1382,
        null,
        884,
        894
      ],
      "visQ": 62
    },
    {
      "t": 5.5,
      "aQ": [
        312,
        287,
        197,
        207,
        null,
        null,
        null,
        null
      ],
      "dQ": [
        1396,
        null,
        886,
        905
      ],
      "visQ": 62
    },
    {
      "t": 5.6,
      "aQ": [
        309,
        291,
        191,
        202,
        null,
        null,
        null,
        null
      ],
      "dQ": [
        1396,
        null,
        881,
        885
      ],
      "visQ": 62
    },
    {
      "t": 5.7,
      "aQ": [
        308,
        304,
        175,
        183,
        null,
        null,
        null,
        null
      ],
      "dQ": [
        1366,
        null,
        840,
        848
      ],
      "visQ": 62
    },
    {
      "t": 5.8,
      "aQ": [
        310,
        301,
        176,
        182,
        null,
        null,
        null,
        null
      ],
      "dQ": [
        1375,
        null,
        845,
        840
      ],
      "visQ": 62
    },
    {
      "t": 5.9,
      "aQ": [
        296,
        291,
        180,
        197,
        null,
        null,
        null,
        null
      ],
      "dQ": [
        1379,
        null,
        851,
        881
      ],
      "visQ": 62
    },
    {
      "t": 6,
      "aQ": [
        293,
        293,
        183,
        191,
        null,
        null,
        null,
        null
      ],
      "dQ": [
        1358,
        null,
        868,
        863
      ],
      "visQ": 62
    },
    {
      "t": 6.1,
      "aQ": [
        300,
        293,
        169,
        186,
        null,
        null,
        null,
        null
      ],
      "dQ": [
        1391,
        null,
        846,
        873
      ],
      "visQ": 62
    },
    {
      "t": 6.2,
      "aQ": [
        301,
        280,
        171,
        189,
        null,
        null,
        null,
        null
      ],
      "dQ": [
        1402,
        null,
        866,
        878
      ],
      "visQ": 62
    },
    {
      "t": 6.3,
      "aQ": [
        300,
        280,
        172,
        200,
        null,
        null,
        null,
        null
      ],
      "dQ": [
        1398,
        null,
        867,
        871
      ],
      "visQ": 62
    },
    {
      "t": 6.4,
      "aQ": [
        300,
        282,
        168,
        203,
        null,
        null,
        null,
        null
      ],
      "dQ": [
        1389,
        null,
        846,
        880
      ],
      "visQ": 62
    },
    {
      "t": 6.5,
      "aQ": [
        298,
        284,
        166,
        189,
        null,
        null,
        null,
        null
      ],
      "dQ": [
        1365,
        null,
        830,
        852
      ],
      "visQ": 62
    },
    {
      "t": 6.6,
      "aQ": [
        306,
        286,
        153,
        176,
        null,
        null,
        null,
        null
      ],
      "dQ": [
        1361,
        null,
        816,
        840
      ],
      "visQ": 62
    },
    {
      "t": 6.7,
      "aQ": [
        309,
        288,
        142,
        161,
        null,
        null,
        null,
        null
      ],
      "dQ": [
        1373,
        null,
        804,
        831
      ],
      "visQ": 63
    },
    {
      "t": 6.8,
      "aQ": [
        309,
        286,
        137,
        160,
        null,
        null,
        null,
        null
      ],
      "dQ": [
        1376,
        null,
        798,
        833
      ],
      "visQ": 63
    },
    {
      "t": 6.9,
      "aQ": [
        299,
        290,
        141,
        172,
        null,
        null,
        null,
        null
      ],
      "dQ": [
        1391,
        null,
        802,
        868
      ],
      "visQ": 63
    },
    {
      "t": 7,
      "aQ": [
        295,
        292,
        137,
        179,
        null,
        null,
        null,
        null
      ],
      "dQ": [
        1397,
        null,
        792,
        895
      ],
      "visQ": 63
    },
    {
      "t": 7.1,
      "aQ": [
        293,
        295,
        124,
        163,
        null,
        null,
        null,
        null
      ],
      "dQ": [
        1411,
        null,
        750,
        921
      ],
      "visQ": 64
    },
    {
      "t": 7.2,
      "aQ": [
        294,
        273,
        128,
        170,
        null,
        null,
        null,
        null
      ],
      "dQ": [
        1326,
        null,
        769,
        896
      ],
      "visQ": 64
    },
    {
      "t": 7.3,
      "aQ": [
        294,
        159,
        117,
        154,
        null,
        null,
        null,
        null
      ],
      "dQ": [
        909,
        null,
        769,
        484
      ],
      "visQ": 65
    },
    {
      "t": 7.4,
      "aQ": [
        297,
        135,
        104,
        122,
        null,
        null,
        null,
        null
      ],
      "dQ": [
        757,
        null,
        747,
        261
      ],
      "visQ": 65
    },
    {
      "t": 7.5,
      "aQ": [
        300,
        146,
        110,
        99,
        null,
        null,
        null,
        null
      ],
      "dQ": [
        788,
        null,
        797,
        332
      ],
      "visQ": 66
    },
    {
      "t": 7.6,
      "aQ": [
        301,
        143,
        106,
        109,
        null,
        null,
        null,
        null
      ],
      "dQ": [
        801,
        null,
        772,
        298
      ],
      "visQ": 66
    },
    {
      "t": 7.7,
      "aQ": [
        300,
        128,
        184,
        226,
        null,
        null,
        null,
        null
      ],
      "dQ": [
        983,
        null,
        909,
        540
      ],
      "visQ": 66
    },
    {
      "t": 7.8,
      "aQ": [
        308,
        239,
        194,
        245,
        null,
        null,
        null,
        null
      ],
      "dQ": [
        1443,
        null,
        943,
        983
      ],
      "visQ": 67
    },
    {
      "t": 7.9,
      "aQ": [
        302,
        242,
        194,
        245,
        null,
        null,
        null,
        null
      ],
      "dQ": [
        1430,
        null,
        946,
        962
      ],
      "visQ": 68
    },
    {
      "t": 8,
      "aQ": [
        292,
        268,
        167,
        196,
        null,
        null,
        null,
        null
      ],
      "dQ": [
        1361,
        null,
        851,
        922
      ],
      "visQ": 68
    },
    {
      "t": 8.1,
      "aQ": [
        296,
        274,
        177,
        189,
        null,
        null,
        null,
        null
      ],
      "dQ": [
        1327,
        null,
        845,
        831
      ],
      "visQ": 67
    },
    {
      "t": 8.2,
      "aQ": [
        296,
        282,
        170,
        162,
        null,
        null,
        null,
        null
      ],
      "dQ": [
        1319,
        null,
        838,
        795
      ],
      "visQ": 67
    },
    {
      "t": 8.3,
      "aQ": [
        303,
        287,
        169,
        157,
        null,
        null,
        null,
        null
      ],
      "dQ": [
        1322,
        null,
        857,
        777
      ],
      "visQ": 67
    },
    {
      "t": 8.4,
      "aQ": [
        307,
        287,
        173,
        162,
        null,
        null,
        null,
        null
      ],
      "dQ": [
        1355,
        null,
        902,
        807
      ],
      "visQ": 67
    },
    {
      "t": 8.5,
      "aQ": [
        308,
        294,
        188,
        161,
        null,
        null,
        null,
        null
      ],
      "dQ": [
        1362,
        null,
        962,
        823
      ],
      "visQ": 67
    },
    {
      "t": 8.6,
      "aQ": [
        307,
        303,
        212,
        178,
        null,
        null,
        null,
        null
      ],
      "dQ": [
        1390,
        null,
        1068,
        878
      ],
      "visQ": 67
    },
    {
      "t": 8.7,
      "aQ": [
        290,
        312,
        207,
        170,
        null,
        null,
        null,
        null
      ],
      "dQ": [
        1301,
        null,
        1006,
        874
      ],
      "visQ": 67
    },
    {
      "t": 8.8,
      "aQ": [
        186,
        304,
        162,
        126,
        null,
        null,
        null,
        null
      ],
      "dQ": [
        922,
        null,
        567,
        838
      ],
      "visQ": 67
    },
    {
      "t": 8.9,
      "aQ": [
        142,
        309,
        118,
        104,
        null,
        null,
        null,
        null
      ],
      "dQ": [
        728,
        null,
        350,
        833
      ],
      "visQ": 67
    },
    {
      "t": 9,
      "aQ": [
        149,
        300,
        115,
        111,
        null,
        null,
        null,
        null
      ],
      "dQ": [
        846,
        null,
        327,
        935
      ],
      "visQ": 67
    },
    {
      "t": 9.1,
      "aQ": [
        153,
        300,
        108,
        114,
        null,
        null,
        null,
        null
      ],
      "dQ": [
        889,
        null,
        298,
        943
      ],
      "visQ": 67
    },
    {
      "t": 9.2,
      "aQ": [
        161,
        303,
        108,
        124,
        null,
        null,
        null,
        null
      ],
      "dQ": [
        860,
        null,
        316,
        939
      ],
      "visQ": 67
    },
    {
      "t": 9.3,
      "aQ": [
        153,
        309,
        114,
        128,
        null,
        null,
        null,
        null
      ],
      "dQ": [
        849,
        null,
        316,
        924
      ],
      "visQ": 67
    },
    {
      "t": 9.4,
      "aQ": [
        143,
        308,
        123,
        99,
        null,
        null,
        null,
        null
      ],
      "dQ": [
        814,
        null,
        316,
        841
      ],
      "visQ": 66
    },
    {
      "t": 9.5,
      "aQ": [
        168,
        305,
        162,
        117,
        null,
        null,
        null,
        null
      ],
      "dQ": [
        1030,
        null,
        567,
        846
      ],
      "visQ": 66
    },
    {
      "t": 9.6,
      "aQ": [
        280,
        296,
        172,
        143,
        null,
        null,
        null,
        null
      ],
      "dQ": [
        1472,
        null,
        1000,
        894
      ],
      "visQ": 66
    },
    {
      "t": 9.7,
      "aQ": [
        303,
        302,
        181,
        150,
        null,
        null,
        null,
        null
      ],
      "dQ": [
        1495,
        null,
        1051,
        875
      ],
      "visQ": 66
    },
    {
      "t": 9.8,
      "aQ": [
        300,
        281,
        194,
        181,
        null,
        null,
        null,
        null
      ],
      "dQ": [
        1476,
        null,
        1004,
        868
      ],
      "visQ": 67
    },
    {
      "t": 9.9,
      "aQ": [
        289,
        266,
        194,
        202,
        null,
        null,
        null,
        null
      ],
      "dQ": [
        1473,
        null,
        970,
        909
      ],
      "visQ": 66
    },
    {
      "t": 10,
      "aQ": [
        287,
        264,
        180,
        200,
        null,
        null,
        null,
        null
      ],
      "dQ": [
        1449,
        null,
        906,
        890
      ],
      "visQ": 66
    },
    {
      "t": 10.1,
      "aQ": [
        292,
        269,
        161,
        173,
        null,
        null,
        null,
        null
      ],
      "dQ": [
        1446,
        null,
        863,
        854
      ],
      "visQ": 66
    },
    {
      "t": 10.2,
      "aQ": [
        304,
        279,
        149,
        157,
        null,
        null,
        null,
        null
      ],
      "dQ": [
        1442,
        null,
        857,
        873
      ],
      "visQ": 66
    },
    {
      "t": 10.3,
      "aQ": [
        298,
        282,
        163,
        170,
        null,
        null,
        null,
        null
      ],
      "dQ": [
        1426,
        null,
        864,
        902
      ],
      "visQ": 65
    },
    {
      "t": 10.4,
      "aQ": [
        296,
        288,
        155,
        173,
        null,
        null,
        null,
        null
      ],
      "dQ": [
        1421,
        null,
        822,
        919
      ],
      "visQ": 65
    },
    {
      "t": 10.5,
      "aQ": [
        291,
        295,
        149,
        188,
        null,
        null,
        null,
        null
      ],
      "dQ": [
        1434,
        null,
        797,
        981
      ],
      "visQ": 65
    },
    {
      "t": 10.6,
      "aQ": [
        283,
        262,
        142,
        182,
        null,
        null,
        null,
        null
      ],
      "dQ": [
        1382,
        null,
        798,
        968
      ],
      "visQ": 65
    },
    {
      "t": 10.7,
      "aQ": [
        288,
        145,
        122,
        159,
        null,
        null,
        null,
        null
      ],
      "dQ": [
        894,
        null,
        776,
        478
      ],
      "visQ": 65
    },
    {
      "t": 10.8,
      "aQ": [
        289,
        134,
        98,
        117,
        null,
        null,
        null,
        null
      ],
      "dQ": [
        788,
        null,
        756,
        262
      ],
      "visQ": 66
    },
    {
      "t": 10.9,
      "aQ": [
        287,
        138,
        107,
        91,
        null,
        null,
        null,
        null
      ],
      "dQ": [
        850,
        null,
        793,
        256
      ],
      "visQ": 67
    },
    {
      "t": 11,
      "aQ": [
        288,
        125,
        104,
        113,
        null,
        null,
        null,
        null
      ],
      "dQ": [
        837,
        null,
        785,
        243
      ],
      "visQ": 68
    },
    {
      "t": 11.1,
      "aQ": [
        296,
        115,
        99,
        120,
        null,
        null,
        null,
        null
      ],
      "dQ": [
        840,
        null,
        776,
        253
      ],
      "visQ": 69
    },
    {
      "t": 11.2,
      "aQ": [
        301,
        120,
        97,
        114,
        null,
        null,
        null,
        null
      ],
      "dQ": [
        836,
        null,
        766,
        269
      ],
      "visQ": 70
    },
    {
      "t": 11.3,
      "aQ": [
        308,
        119,
        100,
        136,
        null,
        null,
        null,
        null
      ],
      "dQ": [
        804,
        null,
        791,
        263
      ],
      "visQ": 70
    },
    {
      "t": 11.4,
      "aQ": [
        310,
        155,
        110,
        171,
        null,
        null,
        null,
        null
      ],
      "dQ": [
        969,
        null,
        792,
        499
      ],
      "visQ": 70
    },
    {
      "t": 11.5,
      "aQ": [
        311,
        238,
        133,
        197,
        null,
        null,
        null,
        null
      ],
      "dQ": [
        1280,
        null,
        819,
        870
      ],
      "visQ": 70
    },
    {
      "t": 11.6,
      "aQ": [
        312,
        281,
        151,
        201,
        null,
        null,
        null,
        null
      ],
      "dQ": [
        1347,
        null,
        812,
        966
      ],
      "visQ": 69
    },
    {
      "t": 11.7,
      "aQ": [
        311,
        287,
        162,
        208,
        null,
        null,
        null,
        null
      ],
      "dQ": [
        1322,
        null,
        807,
        946
      ],
      "visQ": 69
    },
    {
      "t": 11.8,
      "aQ": [
        312,
        296,
        164,
        191,
        null,
        null,
        null,
        null
      ],
      "dQ": [
        1314,
        null,
        799,
        887
      ],
      "visQ": 68
    },
    {
      "t": 11.9,
      "aQ": [
        313,
        298,
        153,
        161,
        null,
        null,
        null,
        null
      ],
      "dQ": [
        1305,
        null,
        791,
        813
      ],
      "visQ": 68
    },
    {
      "t": 12,
      "aQ": [
        302,
        296,
        162,
        162,
        null,
        null,
        null,
        null
      ],
      "dQ": [
        1338,
        null,
        848,
        843
      ],
      "visQ": 67
    },
    {
      "t": 12.1,
      "aQ": [
        299,
        298,
        168,
        160,
        null,
        null,
        null,
        null
      ],
      "dQ": [
        1339,
        null,
        877,
        844
      ],
      "visQ": 67
    },
    {
      "t": 12.2,
      "aQ": [
        299,
        292,
        174,
        164,
        null,
        null,
        null,
        null
      ],
      "dQ": [
        1347,
        null,
        900,
        833
      ],
      "visQ": 67
    },
    {
      "t": 12.3,
      "aQ": [
        303,
        297,
        194,
        167,
        null,
        null,
        null,
        null
      ],
      "dQ": [
        1334,
        null,
        951,
        819
      ],
      "visQ": 67
    },
    {
      "t": 12.4,
      "aQ": [
        309,
        308,
        206,
        165,
        null,
        null,
        null,
        null
      ],
      "dQ": [
        1347,
        null,
        1020,
        838
      ],
      "visQ": 67
    },
    {
      "t": 12.5,
      "aQ": [
        291,
        314,
        189,
        147,
        null,
        null,
        null,
        null
      ],
      "dQ": [
        1320,
        null,
        1023,
        846
      ],
      "visQ": 67
    },
    {
      "t": 12.6,
      "aQ": [
        188,
        313,
        164,
        122,
        null,
        null,
        null,
        null
      ],
      "dQ": [
        927,
        null,
        594,
        813
      ],
      "visQ": 67
    },
    {
      "t": 12.7,
      "aQ": [
        138,
        305,
        125,
        104,
        null,
        null,
        null,
        null
      ],
      "dQ": [
        781,
        null,
        321,
        855
      ],
      "visQ": 66
    },
    {
      "t": 12.8,
      "aQ": [
        132,
        300,
        128,
        109,
        null,
        null,
        null,
        null
      ],
      "dQ": [
        777,
        null,
        318,
        872
      ],
      "visQ": 66
    },
    {
      "t": 12.9,
      "aQ": [
        139,
        302,
        102,
        105,
        null,
        null,
        null,
        null
      ],
      "dQ": [
        872,
        null,
        358,
        946
      ],
      "visQ": 65
    },
    {
      "t": 13,
      "aQ": [
        137,
        294,
        105,
        118,
        null,
        null,
        null,
        null
      ],
      "dQ": [
        876,
        null,
        330,
        959
      ],
      "visQ": 65
    },
    {
      "t": 13.1,
      "aQ": [
        138,
        295,
        103,
        119,
        null,
        null,
        null,
        null
      ],
      "dQ": [
        873,
        null,
        314,
        957
      ],
      "visQ": 64
    },
    {
      "t": 13.2,
      "aQ": [
        131,
        313,
        158,
        118,
        null,
        null,
        null,
        null
      ],
      "dQ": [
        904,
        null,
        409,
        896
      ],
      "visQ": 64
    },
    {
      "t": 13.3,
      "aQ": [
        235,
        310,
        167,
        120,
        null,
        null,
        null,
        null
      ],
      "dQ": [
        1249,
        null,
        852,
        850
      ],
      "visQ": 64
    },
    {
      "t": 13.4,
      "aQ": [
        281,
        297,
        179,
        144,
        null,
        null,
        null,
        null
      ],
      "dQ": [
        1462,
        null,
        1076,
        859
      ],
      "visQ": 64
    },
    {
      "t": 13.5,
      "aQ": [
        295,
        306,
        172,
        140,
        null,
        null,
        null,
        null
      ],
      "dQ": [
        1408,
        null,
        981,
        812
      ],
      "visQ": 64
    },
    {
      "t": 13.6,
      "aQ": [
        283,
        310,
        168,
        144,
        null,
        null,
        null,
        null
      ],
      "dQ": [
        1411,
        null,
        922,
        817
      ],
      "visQ": 64
    },
    {
      "t": 13.7,
      "aQ": [
        280,
        308,
        155,
        140,
        null,
        null,
        null,
        null
      ],
      "dQ": [
        1417,
        null,
        871,
        837
      ],
      "visQ": 64
    },
    {
      "t": 13.8,
      "aQ": [
        288,
        309,
        153,
        140,
        null,
        null,
        null,
        null
      ],
      "dQ": [
        1406,
        null,
        860,
        840
      ],
      "visQ": 64
    },
    {
      "t": 13.9,
      "aQ": [
        296,
        309,
        144,
        143,
        null,
        null,
        null,
        null
      ],
      "dQ": [
        1407,
        null,
        841,
        852
      ],
      "visQ": 64
    },
    {
      "t": 14,
      "aQ": [
        302,
        307,
        146,
        150,
        null,
        null,
        null,
        null
      ],
      "dQ": [
        1392,
        null,
        852,
        867
      ],
      "visQ": 64
    },
    {
      "t": 14.1,
      "aQ": [
        301,
        305,
        149,
        165,
        null,
        null,
        null,
        null
      ],
      "dQ": [
        1368,
        null,
        824,
        866
      ],
      "visQ": 64
    },
    {
      "t": 14.2,
      "aQ": [
        293,
        301,
        142,
        168,
        null,
        null,
        null,
        null
      ],
      "dQ": [
        1422,
        null,
        811,
        956
      ],
      "visQ": 64
    },
    {
      "t": 14.3,
      "aQ": [
        296,
        302,
        141,
        169,
        null,
        null,
        null,
        null
      ],
      "dQ": [
        1423,
        null,
        809,
        962
      ],
      "visQ": 64
    },
    {
      "t": 14.4,
      "aQ": [
        293,
        178,
        107,
        168,
        null,
        null,
        null,
        null
      ],
      "dQ": [
        1047,
        null,
        802,
        641
      ],
      "visQ": 64
    },
    {
      "t": 14.5,
      "aQ": [
        293,
        111,
        89,
        135,
        null,
        null,
        null,
        null
      ],
      "dQ": [
        842,
        null,
        800,
        271
      ],
      "visQ": 65
    },
    {
      "t": 14.6,
      "aQ": [
        248,
        120,
        65,
        117,
        null,
        null,
        null,
        null
      ],
      "dQ": [
        432,
        null,
        584,
        254
      ],
      "visQ": 66
    },
    {
      "t": 14.7,
      "aQ": [
        256,
        109,
        55,
        127,
        null,
        null,
        null,
        null
      ],
      "dQ": [
        437,
        null,
        583,
        279
      ],
      "visQ": 66
    },
    {
      "t": 14.8,
      "aQ": [
        307,
        104,
        82,
        130,
        null,
        null,
        null,
        null
      ],
      "dQ": [
        872,
        null,
        853,
        278
      ],
      "visQ": 67
    },
    {
      "t": 14.9,
      "aQ": [
        306,
        101,
        80,
        126,
        null,
        null,
        null,
        null
      ],
      "dQ": [
        907,
        null,
        866,
        285
      ],
      "visQ": 68
    },
    {
      "t": 15,
      "aQ": [
        301,
        100,
        79,
        127,
        null,
        null,
        null,
        null
      ],
      "dQ": [
        922,
        null,
        878,
        287
      ],
      "visQ": 69
    },
    {
      "t": 15.1,
      "aQ": [
        296,
        101,
        81,
        121,
        null,
        null,
        null,
        null
      ],
      "dQ": [
        933,
        null,
        878,
        295
      ],
      "visQ": 70
    },
    {
      "t": 15.2,
      "aQ": [
        295,
        101,
        85,
        124,
        null,
        null,
        null,
        null
      ],
      "dQ": [
        926,
        null,
        867,
        295
      ],
      "visQ": 70
    },
    {
      "t": 15.3,
      "aQ": [
        295,
        101,
        84,
        124,
        null,
        null,
        null,
        null
      ],
      "dQ": [
        922,
        null,
        860,
        295
      ],
      "visQ": 70
    },
    {
      "t": 15.4,
      "aQ": [
        296,
        108,
        90,
        129,
        null,
        null,
        null,
        null
      ],
      "dQ": [
        912,
        null,
        846,
        290
      ],
      "visQ": 71
    },
    {
      "t": 15.5,
      "aQ": [
        306,
        115,
        90,
        142,
        null,
        null,
        null,
        null
      ],
      "dQ": [
        899,
        null,
        816,
        261
      ],
      "visQ": 71
    },
    {
      "t": 15.6,
      "aQ": [
        307,
        222,
        110,
        161,
        null,
        null,
        null,
        null
      ],
      "dQ": [
        1254,
        null,
        803,
        747
      ],
      "visQ": 70
    },
    {
      "t": 15.7,
      "aQ": [
        305,
        275,
        154,
        206,
        null,
        null,
        null,
        null
      ],
      "dQ": [
        1261,
        null,
        822,
        922
      ],
      "visQ": 70
    },
    {
      "t": 15.8,
      "aQ": [
        308,
        272,
        129,
        173,
        null,
        null,
        null,
        null
      ],
      "dQ": [
        1261,
        null,
        738,
        811
      ],
      "visQ": 69
    },
    {
      "t": 15.9,
      "aQ": [
        312,
        275,
        135,
        170,
        null,
        null,
        null,
        null
      ],
      "dQ": [
        1281,
        null,
        765,
        808
      ],
      "visQ": 69
    },
    {
      "t": 16,
      "aQ": [
        311,
        285,
        142,
        160,
        null,
        null,
        null,
        null
      ],
      "dQ": [
        1261,
        null,
        778,
        780
      ],
      "visQ": 68
    },
    {
      "t": 16.1,
      "aQ": [
        314,
        285,
        137,
        143,
        null,
        null,
        null,
        null
      ],
      "dQ": [
        1281,
        null,
        785,
        754
      ],
      "visQ": 68
    },
    {
      "t": 16.2,
      "aQ": [
        311,
        289,
        141,
        147,
        null,
        null,
        null,
        null
      ],
      "dQ": [
        1289,
        null,
        806,
        775
      ],
      "visQ": 67
    },
    {
      "t": 16.3,
      "aQ": [
        312,
        287,
        149,
        157,
        null,
        null,
        null,
        null
      ],
      "dQ": [
        1299,
        null,
        835,
        798
      ],
      "visQ": 67
    },
    {
      "t": 16.4,
      "aQ": [
        314,
        287,
        147,
        154,
        null,
        null,
        null,
        null
      ],
      "dQ": [
        1299,
        null,
        833,
        789
      ],
      "visQ": 67
    },
    {
      "t": 16.5,
      "aQ": [
        313,
        288,
        144,
        149,
        null,
        null,
        null,
        null
      ],
      "dQ": [
        1302,
        null,
        830,
        783
      ],
      "visQ": 67
    },
    {
      "t": 16.6,
      "aQ": [
        312,
        288,
        143,
        147,
        null,
        null,
        null,
        null
      ],
      "dQ": [
        1301,
        null,
        827,
        779
      ],
      "visQ": 66
    },
    {
      "t": 16.7,
      "aQ": [
        308,
        290,
        137,
        140,
        null,
        null,
        null,
        null
      ],
      "dQ": [
        1293,
        null,
        813,
        763
      ],
      "visQ": 66
    },
    {
      "t": 16.8,
      "aQ": [
        307,
        292,
        133,
        137,
        null,
        null,
        null,
        null
      ],
      "dQ": [
        1305,
        null,
        809,
        762
      ],
      "visQ": 66
    },
    {
      "t": 16.9,
      "aQ": [
        308,
        291,
        130,
        139,
        null,
        null,
        null,
        null
      ],
      "dQ": [
        1308,
        null,
        804,
        772
      ],
      "visQ": 66
    },
    {
      "t": 17,
      "aQ": [
        308,
        290,
        129,
        138,
        null,
        null,
        null,
        null
      ],
      "dQ": [
        1308,
        null,
        801,
        769
      ],
      "visQ": 66
    },
    {
      "t": 17.1,
      "aQ": [
        310,
        289,
        144,
        158,
        null,
        null,
        null,
        null
      ],
      "dQ": [
        1310,
        null,
        845,
        822
      ],
      "visQ": 66
    },
    {
      "t": 17.2,
      "aQ": [
        313,
        294,
        152,
        165,
        null,
        null,
        null,
        null
      ],
      "dQ": [
        1312,
        null,
        857,
        847
      ],
      "visQ": 66
    },
    {
      "t": 17.3,
      "aQ": [
        313,
        300,
        154,
        156,
        null,
        null,
        null,
        null
      ],
      "dQ": [
        1299,
        null,
        849,
        826
      ],
      "visQ": 67
    },
    {
      "t": 17.4,
      "aQ": [
        306,
        300,
        150,
        148,
        null,
        null,
        null,
        null
      ],
      "dQ": [
        1313,
        null,
        860,
        804
      ],
      "visQ": 69
    },
    {
      "t": 17.5,
      "aQ": [
        307,
        299,
        146,
        141,
        null,
        null,
        null,
        null
      ],
      "dQ": [
        1296,
        null,
        850,
        768
      ],
      "visQ": 70
    },
    {
      "t": 17.6,
      "aQ": [
        307,
        298,
        144,
        140,
        null,
        null,
        null,
        null
      ],
      "dQ": [
        1299,
        null,
        852,
        766
      ],
      "visQ": 71
    },
    {
      "t": 17.7,
      "aQ": [
        307,
        290,
        122,
        115,
        null,
        null,
        null,
        null
      ],
      "dQ": [
        1305,
        null,
        803,
        684
      ],
      "visQ": 72
    },
    {
      "t": 17.8,
      "aQ": [
        308,
        293,
        134,
        118,
        null,
        null,
        205,
        231
      ],
      "dQ": [
        1292,
        null,
        828,
        678
      ],
      "visQ": 72
    },
    {
      "t": 17.9,
      "aQ": [
        313,
        293,
        145,
        128,
        null,
        null,
        204,
        217
      ],
      "dQ": [
        1287,
        null,
        845,
        698
      ],
      "visQ": 73
    },
    {
      "t": 18,
      "aQ": [
        312,
        292,
        149,
        132,
        null,
        null,
        202,
        212
      ],
      "dQ": [
        1288,
        null,
        856,
        709
      ],
      "visQ": 74
    },
    {
      "t": 18.1,
      "aQ": [
        312,
        282,
        131,
        141,
        null,
        null,
        220,
        225
      ],
      "dQ": [
        1492,
        null,
        857,
        733
      ],
      "visQ": 75
    },
    {
      "t": 18.2,
      "aQ": [
        310,
        296,
        130,
        156,
        null,
        null,
        227,
        221
      ],
      "dQ": [
        1756,
        null,
        892,
        877
      ],
      "visQ": 75
    },
    {
      "t": 18.3,
      "aQ": [
        303,
        308,
        120,
        165,
        null,
        null,
        247,
        218
      ],
      "dQ": [
        2038,
        null,
        900,
        1064
      ],
      "visQ": 76
    },
    {
      "t": 18.4,
      "aQ": [
        309,
        298,
        112,
        163,
        null,
        null,
        259,
        224
      ],
      "dQ": [
        2145,
        null,
        927,
        1126
      ],
      "visQ": 77
    },
    {
      "t": 18.5,
      "aQ": [
        314,
        306,
        101,
        167,
        null,
        null,
        267,
        225
      ],
      "dQ": [
        2124,
        null,
        930,
        1087
      ],
      "visQ": 77
    },
    {
      "t": 18.6,
      "aQ": [
        304,
        309,
        80,
        153,
        null,
        null,
        291,
        235
      ],
      "dQ": [
        2108,
        null,
        884,
        1043
      ],
      "visQ": 77
    },
    {
      "t": 18.7,
      "aQ": [
        282,
        304,
        72,
        137,
        null,
        null,
        311,
        242
      ],
      "dQ": [
        2023,
        null,
        725,
        1016
      ],
      "visQ": 78
    },
    {
      "t": 18.8,
      "aQ": [
        243,
        304,
        73,
        133,
        null,
        null,
        305,
        248
      ],
      "dQ": [
        1834,
        null,
        531,
        991
      ],
      "visQ": 78
    },
    {
      "t": 18.9,
      "aQ": [
        220,
        301,
        78,
        125,
        null,
        null,
        304,
        264
      ],
      "dQ": [
        1767,
        null,
        380,
        1048
      ],
      "visQ": 78
    },
    {
      "t": 19,
      "aQ": [
        221,
        306,
        74,
        118,
        null,
        null,
        292,
        281
      ],
      "dQ": [
        1522,
        null,
        267,
        825
      ],
      "visQ": 78
    },
    {
      "t": 19.1,
      "aQ": [
        227,
        221,
        71,
        99,
        null,
        null,
        269,
        300
      ],
      "dQ": [
        1221,
        null,
        210,
        484
      ],
      "visQ": 78
    },
    {
      "t": 19.2,
      "aQ": [
        220,
        134,
        73,
        95,
        null,
        null,
        256,
        190
      ],
      "dQ": [
        996,
        null,
        196,
        316
      ],
      "visQ": 79
    },
    {
      "t": 19.3,
      "aQ": [
        198,
        102,
        84,
        97,
        null,
        null,
        258,
        262
      ],
      "dQ": [
        926,
        null,
        206,
        348
      ],
      "visQ": 81
    },
    {
      "t": 19.4,
      "aQ": [
        175,
        80,
        93,
        89,
        null,
        null,
        281,
        278
      ],
      "dQ": [
        939,
        null,
        216,
        426
      ],
      "visQ": 80
    },
    {
      "t": 19.5,
      "aQ": [
        159,
        95,
        102,
        72,
        null,
        null,
        254,
        252
      ],
      "dQ": [
        947,
        null,
        219,
        445
      ],
      "visQ": 82
    },
    {
      "t": 19.6,
      "aQ": [
        146,
        56,
        99,
        46,
        null,
        null,
        295,
        185
      ],
      "dQ": [
        926,
        null,
        180,
        453
      ],
      "visQ": 83
    },
    {
      "t": 19.7,
      "aQ": [
        126,
        210,
        109,
        38,
        null,
        null,
        301,
        169
      ],
      "dQ": [
        1059,
        null,
        258,
        512
      ],
      "visQ": 85
    },
    {
      "t": 19.8,
      "aQ": [
        115,
        232,
        108,
        42,
        null,
        null,
        305,
        167
      ],
      "dQ": [
        1005,
        null,
        278,
        539
      ],
      "visQ": 86
    },
    {
      "t": 19.9,
      "aQ": [
        119,
        271,
        89,
        54,
        null,
        116,
        285,
        160
      ],
      "dQ": [
        936,
        null,
        358,
        572
      ],
      "visQ": 87
    },
    {
      "t": 20,
      "aQ": [
        130,
        302,
        70,
        78,
        null,
        98,
        224,
        144
      ],
      "dQ": [
        774,
        null,
        478,
        589
      ],
      "visQ": 88
    },
    {
      "t": 20.1,
      "aQ": [
        146,
        219,
        61,
        88,
        null,
        89,
        273,
        146
      ],
      "dQ": [
        617,
        null,
        470,
        513
      ],
      "visQ": 88
    },
    {
      "t": 20.2,
      "aQ": [
        175,
        169,
        39,
        109,
        90,
        86,
        304,
        146
      ],
      "dQ": [
        531,
        609,
        477,
        501
      ],
      "visQ": 89
    },
    {
      "t": 20.3,
      "aQ": [
        175,
        123,
        37,
        128,
        67,
        83,
        301,
        123
      ],
      "dQ": [
        593,
        541,
        468,
        548
      ],
      "visQ": 90
    },
    {
      "t": 20.4,
      "aQ": [
        165,
        116,
        45,
        135,
        29,
        76,
        289,
        91
      ],
      "dQ": [
        660,
        589,
        425,
        512
      ],
      "visQ": 89
    },
    {
      "t": 20.5,
      "aQ": [
        162,
        114,
        42,
        145,
        49,
        137,
        310,
        125
      ],
      "dQ": [
        695,
        627,
        351,
        449
      ],
      "visQ": 90
    },
    {
      "t": 20.6,
      "aQ": [
        155,
        124,
        38,
        145,
        246,
        139,
        304,
        112
      ],
      "dQ": [
        748,
        683,
        406,
        560
      ],
      "visQ": 90
    },
    {
      "t": 20.7,
      "aQ": [
        151,
        141,
        36,
        139,
        229,
        128,
        267,
        109
      ],
      "dQ": [
        727,
        457,
        409,
        538
      ],
      "visQ": 90
    },
    {
      "t": 20.8,
      "aQ": [
        157,
        145,
        29,
        139,
        225,
        142,
        244,
        127
      ],
      "dQ": [
        642,
        377,
        429,
        489
      ],
      "visQ": 90
    },
    {
      "t": 20.9,
      "aQ": [
        165,
        152,
        16,
        138,
        160,
        141,
        253,
        117
      ],
      "dQ": [
        620,
        481,
        433,
        469
      ],
      "visQ": 91
    },
    {
      "t": 21,
      "aQ": [
        178,
        175,
        2,
        125,
        213,
        139,
        224,
        134
      ],
      "dQ": [
        521,
        134,
        462,
        391
      ],
      "visQ": 91
    },
    {
      "t": 21.1,
      "aQ": [
        198,
        179,
        6,
        125,
        268,
        202,
        221,
        205
      ],
      "dQ": [
        443,
        544,
        528,
        360
      ],
      "visQ": 91
    },
    {
      "t": 21.2,
      "aQ": [
        206,
        177,
        7,
        120,
        273,
        241,
        229,
        218
      ],
      "dQ": [
        447,
        205,
        524,
        340
      ],
      "visQ": 90
    },
    {
      "t": 21.3,
      "aQ": [
        227,
        189,
        9,
        106,
        253,
        286,
        208,
        269
      ],
      "dQ": [
        463,
        429,
        465,
        308
      ],
      "visQ": 91
    },
    {
      "t": 21.4,
      "aQ": [
        252,
        205,
        10,
        101,
        285,
        311,
        218,
        283
      ],
      "dQ": [
        580,
        593,
        408,
        344
      ],
      "visQ": 91
    },
    {
      "t": 21.5,
      "aQ": [
        266,
        224,
        1,
        85,
        296,
        286,
        232,
        300
      ],
      "dQ": [
        653,
        566,
        290,
        311
      ],
      "visQ": 92
    },
    {
      "t": 21.6,
      "aQ": [
        262,
        242,
        25,
        70,
        294,
        225,
        309,
        304
      ],
      "dQ": [
        764,
        390,
        162,
        281
      ],
      "visQ": 92
    },
    {
      "t": 21.7,
      "aQ": [
        255,
        255,
        46,
        62,
        246,
        294,
        307,
        305
      ],
      "dQ": [
        896,
        380,
        175,
        276
      ],
      "visQ": 92
    },
    {
      "t": 21.8,
      "aQ": [
        251,
        258,
        59,
        60,
        230,
        303,
        291,
        306
      ],
      "dQ": [
        1045,
        267,
        256,
        281
      ],
      "visQ": 92
    },
    {
      "t": 21.9,
      "aQ": [
        261,
        254,
        58,
        64,
        252,
        287,
        298,
        307
      ],
      "dQ": [
        1129,
        110,
        286,
        300
      ],
      "visQ": 92
    },
    {
      "t": 22,
      "aQ": [
        276,
        258,
        59,
        67,
        293,
        270,
        309,
        314
      ],
      "dQ": [
        1243,
        119,
        352,
        332
      ],
      "visQ": 91
    },
    {
      "t": 22.1,
      "aQ": [
        288,
        267,
        58,
        63,
        310,
        259,
        300,
        309
      ],
      "dQ": [
        1294,
        308,
        385,
        334
      ],
      "visQ": 92
    },
    {
      "t": 22.2,
      "aQ": [
        292,
        274,
        63,
        63,
        307,
        287,
        312,
        286
      ],
      "dQ": [
        1372,
        534,
        460,
        354
      ],
      "visQ": 92
    },
    {
      "t": 22.3,
      "aQ": [
        290,
        284,
        64,
        64,
        303,
        286,
        311,
        292
      ],
      "dQ": [
        1456,
        542,
        482,
        405
      ],
      "visQ": 93
    }
  ]
}