{
  "v": 1,
  "exercise": "burpees",
  "fps": 10,
  "maxSec": 60,
  "modelComplexity": 1,
  "minDetectionConfidence": 0.8,
  "minTrackingConfidence": 0.8,
  "angles_scale": 100,
  "dists_scale": 1000,
  "frames": [
    {
      "t": 0.1,
      "aQ": [
        null,
        null,
        null,
        null,
        null,
        null,
        null,
        null
      ],
      "dQ": [
        null,
        null,
        null,
        3196
      ],
      "visQ": 63
    },
    {
      "t": 0.3,
      "aQ": [
        null,
        null,
        null,
        null,
        null,
        null,
        null,
        null
      ],
      "dQ": [
        null,
        null,
        null,
        1235
      ],
      "visQ": 63
    },
    {
      "t": 0.4,
      "aQ": [
        null,
        282,
        null,
        90,
        null,
        null,
        null,
        null
      ],
      "dQ": [
        null,
        null,
        null,
        1890
      ],
      "visQ": 63
    },
    {
      "t": 0.5,
      "aQ": [
        null,
        297,
        null,
        122,
        null,
        null,
        null,
        null
      ],
      "dQ": [
        null,
        null,
        null,
        2428
      ],
      "visQ": 64
    },
    {
      "t": 0.6,
      "aQ": [
        null,
        303,
        null,
        108,
        null,
        null,
        null,
        null
      ],
      "dQ": [
        null,
        null,
        null,
        2418
      ],
      "visQ": 66
    },
    {
      "t": 0.7,
      "aQ": [
        308,
        305,
        51,
        129,
        null,
        null,
        null,
        null
      ],
      "dQ": [
        1406,
        null,
        2636,
        2522
      ],
      "visQ": 66
    },
    {
      "t": 0.8,
      "aQ": [
        300,
        306,
        23,
        58,
        null,
        null,
        null,
        null
      ],
      "dQ": [
        1458,
        null,
        1886,
        1985
      ],
      "visQ": 68
    },
    {
      "t": 0.9,
      "aQ": [
        240,
        303,
        29,
        62,
        null,
        null,
        null,
        null
      ],
      "dQ": [
        1542,
        null,
        127,
        970
      ],
      "visQ": 71
    },
    {
      "t": 1,
      "aQ": [
        19,
        64,
        105,
        97,
        null,
        null,
        null,
        282
      ],
      "dQ": [
        1339,
        null,
        2618,
        2613
      ],
      "visQ": 73
    },
    {
      "t": 1.1,
      "aQ": [
        217,
        231,
        281,
        245,
        312,
        287,
        314,
        295
      ],
      "dQ": [
        1709,
        489,
        4995,
        5144
      ],
      "visQ": 76
    },
    {
      "t": 1.2,
      "aQ": [
        295,
        268,
        302,
        289,
        312,
        307,
        311,
        306
      ],
      "dQ": [
        1634,
        666,
        5694,
        6426
      ],
      "visQ": 78
    },
    {
      "t": 1.3,
      "aQ": [
        300,
        298,
        306,
        308,
        311,
        310,
        310,
        308
      ],
      "dQ": [
        1355,
        676,
        6950,
        6824
      ],
      "visQ": 80
    },
    {
      "t": 1.4,
      "aQ": [
        291,
        294,
        301,
        303,
        310,
        310,
        308,
        309
      ],
      "dQ": [
        1363,
        695,
        6753,
        6722
      ],
      "visQ": 82
    },
    {
      "t": 1.5,
      "aQ": [
        263,
        273,
        286,
        291,
        312,
        309,
        308,
        309
      ],
      "dQ": [
        1376,
        572,
        6332,
        6426
      ],
      "visQ": 84
    },
    {
      "t": 1.6,
      "aQ": [
        194,
        194,
        234,
        231,
        314,
        309,
        310,
        307
      ],
      "dQ": [
        1443,
        470,
        5055,
        5149
      ],
      "visQ": 85
    },
    {
      "t": 1.7,
      "aQ": [
        46,
        70,
        108,
        115,
        312,
        298,
        311,
        301
      ],
      "dQ": [
        1653,
        421,
        3601,
        3659
      ],
      "visQ": 87
    },
    {
      "t": 1.8,
      "aQ": [
        92,
        303,
        44,
        49,
        305,
        287,
        312,
        293
      ],
      "dQ": [
        1604,
        357,
        1442,
        1341
      ],
      "visQ": 88
    },
    {
      "t": 1.9,
      "aQ": [
        295,
        293,
        21,
        41,
        301,
        284,
        309,
        283
      ],
      "dQ": [
        1486,
        364,
        923,
        1132
      ],
      "visQ": 89
    },
    {
      "t": 2,
      "aQ": [
        306,
        303,
        20,
        56,
        314,
        293,
        305,
        260
      ],
      "dQ": [
        1227,
        305,
        2294,
        2297
      ],
      "visQ": 90
    },
    {
      "t": 2.1,
      "aQ": [
        302,
        301,
        312,
        288,
        290,
        297,
        1,
        30
      ],
      "dQ": [
        1252,
        394,
        3777,
        3834
      ],
      "visQ": 89
    },
    {
      "t": 2.2,
      "aQ": [
        304,
        304,
        310,
        293,
        301,
        273,
        3,
        22
      ],
      "dQ": [
        1414,
        521,
        3803,
        3810
      ],
      "visQ": 90
    },
    {
      "t": 2.3,
      "aQ": [
        281,
        287,
        296,
        307,
        298,
        216,
        5,
        21
      ],
      "dQ": [
        1482,
        597,
        3413,
        3472
      ],
      "visQ": 89
    },
    {
      "t": 2.4,
      "aQ": [
        250,
        262,
        271,
        310,
        301,
        189,
        5,
        41
      ],
      "dQ": [
        1502,
        366,
        2431,
        2655
      ],
      "visQ": 87
    },
    {
      "t": 2.5,
      "aQ": [
        144,
        186,
        189,
        280,
        207,
        147,
        1,
        99
      ],
      "dQ": [
        1433,
        183,
        1549,
        1689
      ],
      "visQ": 85
    },
    {
      "t": 2.6,
      "aQ": [
        69,
        88,
        122,
        167,
        68,
        65,
        83,
        105
      ],
      "dQ": [
        1363,
        314,
        1198,
        1303
      ],
      "visQ": 82
    },
    {
      "t": 2.7,
      "aQ": [
        84,
        84,
        152,
        220,
        5,
        109,
        25,
        202
      ],
      "dQ": [
        1475,
        334,
        1090,
        1136
      ],
      "visQ": 80
    },
    {
      "t": 2.8,
      "aQ": [
        166,
        208,
        136,
        140,
        null,
        null,
        null,
        null
      ],
      "dQ": [
        1592,
        null,
        761,
        881
      ],
      "visQ": 78
    },
    {
      "t": 2.9,
      "aQ": [
        237,
        265,
        64,
        70,
        null,
        null,
        null,
        null
      ],
      "dQ": [
        1531,
        null,
        854,
        1006
      ],
      "visQ": 77
    },
    {
      "t": 3,
      "aQ": [
        267,
        280,
        43,
        61,
        null,
        null,
        null,
        null
      ],
      "dQ": [
        1473,
        null,
        1212,
        1329
      ],
      "visQ": 76
    },
    {
      "t": 3.1,
      "aQ": [
        285,
        294,
        40,
        78,
        null,
        null,
        null,
        null
      ],
      "dQ": [
        1416,
        null,
        1905,
        1875
      ],
      "visQ": 77
    },
    {
      "t": 3.2,
      "aQ": [
        285,
        293,
        41,
        87,
        null,
        null,
        null,
        null
      ],
      "dQ": [
        1473,
        null,
        2217,
        2094
      ],
      "visQ": 77
    },
    {
      "t": 3.3,
      "aQ": [
        304,
        303,
        56,
        69,
        null,
        null,
        null,
        195
      ],
      "dQ": [
        1583,
        null,
        2615,
        2471
      ],
      "visQ": 78
    },
    {
      "t": 3.4,
      "aQ": [
        306,
        307,
        47,
        69,
        null,
        null,
        null,
        237
      ],
      "dQ": [
        1486,
        null,
        2649,
        2561
      ],
      "visQ": 78
    },
    {
      "t": 3.5,
      "aQ": [
        296,
        305,
        38,
        43,
        null,
        284,
        null,
        273
      ],
      "dQ": [
        1652,
        null,
        1925,
        1971
      ],
      "visQ": 79
    },
    {
      "t": 3.6,
      "aQ": [
        196,
        309,
        51,
        48,
        null,
        288,
        299,
        287
      ],
      "dQ": [
        1670,
        null,
        472,
        810
      ],
      "visQ": 81
    },
    {
      "t": 3.7,
      "aQ": [
        113,
        80,
        177,
        113,
        306,
        286,
        306,
        291
      ],
      "dQ": [
        1519,
        475,
        3241,
        3145
      ],
      "visQ": 82
    },
    {
      "t": 3.8,
      "aQ": [
        253,
        215,
        279,
        243,
        306,
        290,
        306,
        299
      ],
      "dQ": [
        1875,
        500,
        5140,
        5044
      ],
      "visQ": 84
    },
    {
      "t": 3.9,
      "aQ": [
        289,
        271,
        296,
        278,
        310,
        309,
        307,
        305
      ],
      "dQ": [
        1698,
        680,
        5804,
        5875
      ],
      "visQ": 85
    },
    {
      "t": 4,
      "aQ": [
        299,
        301,
        306,
        307,
        313,
        310,
        306,
        308
      ],
      "dQ": [
        1402,
        647,
        6692,
        6650
      ],
      "visQ": 86
    },
    {
      "t": 4.1,
      "aQ": [
        293,
        302,
        304,
        307,
        314,
        310,
        306,
        309
      ],
      "dQ": [
        1305,
        567,
        6330,
        6185
      ],
      "visQ": 88
    },
    {
      "t": 4.2,
      "aQ": [
        262,
        279,
        288,
        295,
        313,
        313,
        307,
        309
      ],
      "dQ": [
        1301,
        527,
        5753,
        5787
      ],
      "visQ": 89
    },
    {
      "t": 4.3,
      "aQ": [
        205,
        231,
        250,
        258,
        314,
        312,
        309,
        307
      ],
      "dQ": [
        1432,
        546,
        4859,
        5191
      ],
      "visQ": 90
    },
    {
      "t": 4.4,
      "aQ": [
        33,
        60,
        98,
        89,
        313,
        304,
        309,
        305
      ],
      "dQ": [
        1603,
        353,
        3276,
        3651
      ],
      "visQ": 91
    },
    {
      "t": 6.4,
      "aQ": [
        306,
        313,
        23,
        13,
        310,
        307,
        301,
        307
      ],
      "dQ": [
        1469,
        527,
        563,
        371
      ],
      "visQ": 92
    },
    {
      "t": 6.5,
      "aQ": [
        308,
        312,
        22,
        14,
        309,
        302,
        301,
        304
      ],
      "dQ": [
        1512,
        535,
        562,
        418
      ],
      "visQ": 92
    },
    {
      "t": 6.6,
      "aQ": [
        309,
        309,
        22,
        15,
        310,
        303,
        301,
        304
      ],
      "dQ": [
        1552,
        543,
        534,
        462
      ],
      "visQ": 93
    },
    {
      "t": 6.7,
      "aQ": [
        304,
        312,
        22,
        18,
        310,
        306,
        303,
        305
      ],
      "dQ": [
        1527,
        549,
        502,
        521
      ],
      "visQ": 93
    },
    {
      "t": 6.8,
      "aQ": [
        296,
        312,
        22,
        19,
        312,
        308,
        303,
        307
      ],
      "dQ": [
        1482,
        546,
        504,
        563
      ],
      "visQ": 94
    },
    {
      "t": 6.9,
      "aQ": [
        295,
        309,
        21,
        19,
        314,
        309,
        303,
        308
      ],
      "dQ": [
        1462,
        552,
        434,
        585
      ],
      "visQ": 94
    },
    {
      "t": 7,
      "aQ": [
        297,
        311,
        21,
        19,
        312,
        309,
        305,
        306
      ],
      "dQ": [
        1483,
        542,
        367,
        575
      ],
      "visQ": 95
    },
    {
      "t": 7.1,
      "aQ": [
        301,
        312,
        24,
        19,
        313,
        310,
        307,
        305
      ],
      "dQ": [
        1611,
        528,
        492,
        559
      ],
      "visQ": 95
    },
    {
      "t": 7.2,
      "aQ": [
        298,
        314,
        27,
        19,
        312,
        307,
        310,
        300
      ],
      "dQ": [
        1611,
        511,
        540,
        523
      ],
      "visQ": 96
    },
    {
      "t": 7.3,
      "aQ": [
        294,
        310,
        27,
        22,
        312,
        302,
        314,
        293
      ],
      "dQ": [
        1547,
        520,
        511,
        527
      ],
      "visQ": 96
    },
    {
      "t": 7.4,
      "aQ": [
        288,
        309,
        27,
        26,
        310,
        299,
        308,
        286
      ],
      "dQ": [
        1533,
        531,
        562,
        643
      ],
      "visQ": 96
    },
    {
      "t": 7.5,
      "aQ": [
        284,
        309,
        27,
        28,
        308,
        296,
        307,
        281
      ],
      "dQ": [
        1461,
        549,
        621,
        725
      ],
      "visQ": 96
    },
    {
      "t": 7.6,
      "aQ": [
        283,
        304,
        27,
        33,
        303,
        293,
        303,
        276
      ],
      "dQ": [
        1425,
        535,
        703,
        803
      ],
      "visQ": 96
    },
    {
      "t": 7.7,
      "aQ": [
        285,
        303,
        26,
        36,
        300,
        293,
        301,
        274
      ],
      "dQ": [
        1421,
        531,
        817,
        904
      ],
      "visQ": 97
    },
    {
      "t": 7.8,
      "aQ": [
        286,
        303,
        24,
        37,
        301,
        293,
        301,
        273
      ],
      "dQ": [
        1402,
        533,
        887,
        977
      ],
      "visQ": 97
    },
    {
      "t": 7.9,
      "aQ": [
        286,
        302,
        23,
        38,
        301,
        292,
        301,
        271
      ],
      "dQ": [
        1386,
        535,
        892,
        1002
      ],
      "visQ": 97
    },
    {
      "t": 8,
      "aQ": [
        286,
        302,
        23,
        39,
        302,
        292,
        301,
        270
      ],
      "dQ": [
        1369,
        541,
        948,
        1031
      ],
      "visQ": 97
    },
    {
      "t": 8.1,
      "aQ": [
        286,
        302,
        21,
        40,
        302,
        291,
        301,
        268
      ],
      "dQ": [
        1359,
        542,
        1020,
        1087
      ],
      "visQ": 97
    },
    {
      "t": 8.2,
      "aQ": [
        288,
        302,
        20,
        41,
        302,
        290,
        301,
        267
      ],
      "dQ": [
        1353,
        548,
        1052,
        1118
      ],
      "visQ": 97
    },
    {
      "t": 8.3,
      "aQ": [
        288,
        301,
        19,
        42,
        302,
        288,
        301,
        265
      ],
      "dQ": [
        1339,
        552,
        1104,
        1156
      ],
      "visQ": 97
    },
    {
      "t": 8.4,
      "aQ": [
        288,
        302,
        19,
        42,
        301,
        286,
        302,
        264
      ],
      "dQ": [
        1323,
        558,
        1166,
        1234
      ],
      "visQ": 97
    },
    {
      "t": 8.5,
      "aQ": [
        287,
        301,
        19,
        43,
        302,
        285,
        302,
        264
      ],
      "dQ": [
        1326,
        561,
        1171,
        1234
      ],
      "visQ": 97
    },
    {
      "t": 8.6,
      "aQ": [
        286,
        302,
        19,
        42,
        301,
        285,
        302,
        265
      ],
      "dQ": [
        1301,
        554,
        1214,
        1249
      ],
      "visQ": 97
    },
    {
      "t": 8.7,
      "aQ": [
        287,
        303,
        19,
        42,
        302,
        284,
        304,
        264
      ],
      "dQ": [
        1287,
        544,
        1273,
        1329
      ],
      "visQ": 97
    },
    {
      "t": 8.8,
      "aQ": [
        287,
        304,
        19,
        41,
        302,
        283,
        304,
        265
      ],
      "dQ": [
        1292,
        539,
        1262,
        1349
      ],
      "visQ": 97
    },
    {
      "t": 8.9,
      "aQ": [
        287,
        304,
        18,
        42,
        300,
        282,
        303,
        264
      ],
      "dQ": [
        1292,
        514,
        1279,
        1402
      ],
      "visQ": 97
    },
    {
      "t": 9,
      "aQ": [
        287,
        304,
        18,
        41,
        300,
        281,
        304,
        264
      ],
      "dQ": [
        1284,
        506,
        1276,
        1393
      ],
      "visQ": 97
    },
    {
      "t": 9.1,
      "aQ": [
        287,
        304,
        18,
        42,
        300,
        281,
        303,
        264
      ],
      "dQ": [
        1282,
        505,
        1306,
        1416
      ],
      "visQ": 97
    },
    {
      "t": 9.2,
      "aQ": [
        287,
        304,
        17,
        42,
        301,
        280,
        303,
        262
      ],
      "dQ": [
        1268,
        484,
        1320,
        1448
      ],
      "visQ": 97
    },
    {
      "t": 9.3,
      "aQ": [
        286,
        304,
        17,
        43,
        300,
        280,
        303,
        261
      ],
      "dQ": [
        1263,
        485,
        1354,
        1478
      ],
      "visQ": 97
    },
    {
      "t": 9.4,
      "aQ": [
        287,
        304,
        16,
        44,
        301,
        278,
        302,
        259
      ],
      "dQ": [
        1243,
        469,
        1341,
        1437
      ],
      "visQ": 97
    },
    {
      "t": 9.5,
      "aQ": [
        287,
        304,
        16,
        45,
        301,
        277,
        302,
        257
      ],
      "dQ": [
        1246,
        462,
        1358,
        1486
      ],
      "visQ": 97
    },
    {
      "t": 9.6,
      "aQ": [
        287,
        304,
        15,
        47,
        299,
        274,
        300,
        253
      ],
      "dQ": [
        1234,
        465,
        1395,
        1533
      ],
      "visQ": 97
    },
    {
      "t": 9.7,
      "aQ": [
        286,
        305,
        14,
        49,
        300,
        273,
        300,
        250
      ],
      "dQ": [
        1209,
        463,
        1432,
        1585
      ],
      "visQ": 97
    },
    {
      "t": 9.8,
      "aQ": [
        287,
        305,
        13,
        50,
        300,
        274,
        300,
        249
      ],
      "dQ": [
        1182,
        472,
        1527,
        1629
      ],
      "visQ": 97
    },
    {
      "t": 9.9,
      "aQ": [
        287,
        306,
        12,
        51,
        301,
        273,
        301,
        248
      ],
      "dQ": [
        1182,
        475,
        1595,
        1715
      ],
      "visQ": 97
    },
    {
      "t": 10,
      "aQ": [
        288,
        306,
        11,
        51,
        302,
        273,
        301,
        248
      ],
      "dQ": [
        1185,
        486,
        1614,
        1782
      ],
      "visQ": 97
    },
    {
      "t": 10.1,
      "aQ": [
        289,
        307,
        10,
        52,
        304,
        274,
        302,
        247
      ],
      "dQ": [
        1177,
        479,
        1660,
        1847
      ],
      "visQ": 97
    },
    {
      "t": 10.2,
      "aQ": [
        290,
        307,
        9,
        54,
        304,
        273,
        301,
        244
      ],
      "dQ": [
        1157,
        462,
        1726,
        1881
      ],
      "visQ": 97
    },
    {
      "t": 10.3,
      "aQ": [
        291,
        307,
        7,
        57,
        301,
        274,
        297,
        241
      ],
      "dQ": [
        1140,
        437,
        1821,
        1949
      ],
      "visQ": 97
    },
    {
      "t": 10.4,
      "aQ": [
        293,
        308,
        5,
        60,
        302,
        276,
        295,
        239
      ],
      "dQ": [
        1128,
        397,
        1872,
        1987
      ],
      "visQ": 97
    },
    {
      "t": 10.5,
      "aQ": [
        294,
        308,
        3,
        62,
        303,
        277,
        295,
        238
      ],
      "dQ": [
        1125,
        394,
        1891,
        2000
      ],
      "visQ": 96
    },
    {
      "t": 10.6,
      "aQ": [
        294,
        308,
        1,
        64,
        302,
        278,
        293,
        236
      ],
      "dQ": [
        1130,
        407,
        1932,
        2047
      ],
      "visQ": 96
    },
    {
      "t": 10.7,
      "aQ": [
        297,
        308,
        1,
        69,
        302,
        280,
        290,
        232
      ],
      "dQ": [
        1132,
        384,
        1968,
        2145
      ],
      "visQ": 95
    },
    {
      "t": 10.8,
      "aQ": [
        301,
        309,
        4,
        74,
        302,
        282,
        289,
        227
      ],
      "dQ": [
        1111,
        378,
        2007,
        2164
      ],
      "visQ": 95
    },
    {
      "t": 10.9,
      "aQ": [
        304,
        309,
        8,
        81,
        297,
        285,
        284,
        221
      ],
      "dQ": [
        1106,
        463,
        2089,
        2228
      ],
      "visQ": 94
    },
    {
      "t": 11,
      "aQ": [
        304,
        309,
        13,
        86,
        289,
        285,
        276,
        215
      ],
      "dQ": [
        1120,
        495,
        2240,
        2329
      ],
      "visQ": 93
    },
    {
      "t": 11.1,
      "aQ": [
        303,
        309,
        17,
        94,
        293,
        286,
        273,
        207
      ],
      "dQ": [
        1099,
        482,
        2300,
        2393
      ],
      "visQ": 92
    },
    {
      "t": 11.2,
      "aQ": [
        303,
        310,
        21,
        103,
        296,
        287,
        271,
        198
      ],
      "dQ": [
        1087,
        487,
        2349,
        2454
      ],
      "visQ": 92
    },
    {
      "t": 11.3,
      "aQ": [
        302,
        310,
        24,
        110,
        298,
        287,
        268,
        191
      ],
      "dQ": [
        1096,
        448,
        2411,
        2497
      ],
      "visQ": 91
    },
    {
      "t": 11.4,
      "aQ": [
        302,
        310,
        28,
        113,
        301,
        290,
        264,
        190
      ],
      "dQ": [
        1122,
        449,
        2561,
        2659
      ],
      "visQ": 91
    },
    {
      "t": 11.5,
      "aQ": [
        300,
        310,
        28,
        117,
        305,
        291,
        266,
        186
      ],
      "dQ": [
        1116,
        523,
        2556,
        2676
      ],
      "visQ": 91
    },
    {
      "t": 11.6,
      "aQ": [
        301,
        310,
        34,
        121,
        311,
        292,
        264,
        182
      ],
      "dQ": [
        1131,
        558,
        2638,
        2687
      ],
      "visQ": 91
    },
    {
      "t": 11.7,
      "aQ": [
        300,
        310,
        40,
        124,
        312,
        293,
        257,
        179
      ],
      "dQ": [
        1146,
        590,
        2697,
        2722
      ],
      "visQ": 91
    },
    {
      "t": 11.8,
      "aQ": [
        300,
        310,
        83,
        153,
        312,
        297,
        214,
        153
      ],
      "dQ": [
        1168,
        561,
        2915,
        2874
      ],
      "visQ": 91
    },
    {
      "t": 11.9,
      "aQ": [
        304,
        310,
        59,
        156,
        311,
        297,
        243,
        150
      ],
      "dQ": [
        1070,
        481,
        2760,
        2700
      ],
      "visQ": 91
    },
    {
      "t": 12,
      "aQ": [
        305,
        310,
        90,
        174,
        310,
        299,
        213,
        133
      ],
      "dQ": [
        1052,
        430,
        2877,
        2760
      ],
      "visQ": 91
    },
    {
      "t": 12.1,
      "aQ": [
        304,
        310,
        162,
        194,
        310,
        303,
        142,
        117
      ],
      "dQ": [
        1049,
        431,
        2990,
        2875
      ],
      "visQ": 90
    },
    {
      "t": 12.2,
      "aQ": [
        305,
        308,
        205,
        208,
        310,
        302,
        100,
        103
      ],
      "dQ": [
        1048,
        420,
        3002,
        2908
      ],
      "visQ": 89
    },
    {
      "t": 12.3,
      "aQ": [
        303,
        307,
        237,
        209,
        313,
        299,
        65,
        100
      ],
      "dQ": [
        1106,
        526,
        3180,
        3099
      ],
      "visQ": 89
    },
    {
      "t": 12.4,
      "aQ": [
        304,
        307,
        252,
        216,
        311,
        295,
        54,
        93
      ],
      "dQ": [
        1065,
        518,
        3115,
        3022
      ],
      "visQ": 89
    },
    {
      "t": 12.5,
      "aQ": [
        305,
        307,
        244,
        230,
        313,
        290,
        60,
        77
      ],
      "dQ": [
        1090,
        482,
        3211,
        3195
      ],
      "visQ": 89
    },
    {
      "t": 12.6,
      "aQ": [
        306,
        308,
        255,
        235,
        314,
        288,
        50,
        72
      ],
      "dQ": [
        1112,
        471,
        3285,
        3241
      ],
      "visQ": 89
    },
    {
      "t": 12.7,
      "aQ": [
        308,
        310,
        276,
        239,
        307,
        286,
        36,
        68
      ],
      "dQ": [
        1106,
        431,
        3246,
        3223
      ],
      "visQ": 89
    },
    {
      "t": 12.8,
      "aQ": [
        308,
        309,
        282,
        244,
        305,
        287,
        31,
        65
      ],
      "dQ": [
        1121,
        423,
        3252,
        3281
      ],
      "visQ": 89
    },
    {
      "t": 12.9,
      "aQ": [
        306,
        310,
        290,
        249,
        303,
        287,
        25,
        61
      ],
      "dQ": [
        1145,
        408,
        3215,
        3262
      ],
      "visQ": 89
    },
    {
      "t": 13,
      "aQ": [
        305,
        310,
        293,
        252,
        302,
        288,
        22,
        62
      ],
      "dQ": [
        1149,
        381,
        3222,
        3297
      ],
      "visQ": 90
    },
    {
      "t": 13.1,
      "aQ": [
        301,
        311,
        290,
        257,
        296,
        287,
        25,
        59
      ],
      "dQ": [
        1240,
        421,
        3491,
        3536
      ],
      "visQ": 90
    },
    {
      "t": 13.2,
      "aQ": [
        300,
        311,
        288,
        261,
        299,
        285,
        25,
        54
      ],
      "dQ": [
        1253,
        449,
        3564,
        3613
      ],
      "visQ": 90
    },
    {
      "t": 13.3,
      "aQ": [
        299,
        310,
        283,
        256,
        299,
        293,
        29,
        71
      ],
      "dQ": [
        1320,
        458,
        4026,
        3738
      ],
      "visQ": 89
    },
    {
      "t": 13.4,
      "aQ": [
        302,
        310,
        277,
        250,
        302,
        283,
        37,
        75
      ],
      "dQ": [
        1326,
        404,
        4055,
        3693
      ],
      "visQ": 88
    },
    {
      "t": 13.5,
      "aQ": [
        301,
        310,
        276,
        247,
        305,
        278,
        38,
        77
      ],
      "dQ": [
        1340,
        385,
        4123,
        3699
      ],
      "visQ": 87
    },
    {
      "t": 13.6,
      "aQ": [
        306,
        310,
        288,
        237,
        312,
        279,
        27,
        88
      ],
      "dQ": [
        1239,
        327,
        3747,
        3422
      ],
      "visQ": 85
    },
    {
      "t": 13.7,
      "aQ": [
        304,
        309,
        253,
        203,
        292,
        283,
        55,
        127
      ],
      "dQ": [
        1328,
        315,
        3753,
        3549
      ],
      "visQ": 83
    },
    {
      "t": 13.8,
      "aQ": [
        301,
        311,
        209,
        162,
        null,
        278,
        null,
        172
      ],
      "dQ": [
        1479,
        294,
        3569,
        3461
      ],
      "visQ": 81
    },
    {
      "t": 13.9,
      "aQ": [
        301,
        308,
        156,
        154,
        null,
        280,
        null,
        187
      ],
      "dQ": [
        1492,
        272,
        3519,
        3393
      ],
      "visQ": 79
    },
    {
      "t": 14,
      "aQ": [
        297,
        309,
        181,
        162,
        null,
        null,
        null,
        null
      ],
      "dQ": [
        1543,
        null,
        3651,
        3455
      ],
      "visQ": 78
    },
    {
      "t": 14.1,
      "aQ": [
        295,
        306,
        202,
        147,
        null,
        null,
        null,
        null
      ],
      "dQ": [
        1923,
        null,
        3821,
        2817
      ],
      "visQ": 76
    },
    {
      "t": 14.2,
      "aQ": [
        296,
        309,
        225,
        161,
        null,
        null,
        null,
        null
      ],
      "dQ": [
        1978,
        null,
        3928,
        2872
      ],
      "visQ": 75
    },
    {
      "t": 14.3,
      "aQ": [
        296,
        297,
        224,
        165,
        null,
        null,
        null,
        null
      ],
      "dQ": [
        1890,
        null,
        4012,
        3117
      ],
      "visQ": 74
    },
    {
      "t": 14.4,
      "aQ": [
        295,
        296,
        221,
        164,
        null,
        null,
        null,
        null
      ],
      "dQ": [
        1828,
        null,
        3982,
        3209
      ],
      "visQ": 74
    },
    {
      "t": 14.5,
      "aQ": [
        292,
        287,
        196,
        138,
        null,
        null,
        null,
        null
      ],
      "dQ": [
        2050,
        null,
        3652,
        2518
      ],
      "visQ": 73
    },
    {
      "t": 14.6,
      "aQ": [
        287,
        307,
        218,
        96,
        null,
        null,
        null,
        null
      ],
      "dQ": [
        1847,
        null,
        3278,
        1626
      ],
      "visQ": 72
    },
    {
      "t": 14.7,
      "aQ": [
        281,
        304,
        221,
        86,
        null,
        null,
        null,
        null
      ],
      "dQ": [
        1872,
        null,
        2998,
        1333
      ],
      "visQ": 72
    },
    {
      "t": 14.8,
      "aQ": [
        282,
        309,
        228,
        117,
        null,
        null,
        null,
        null
      ],
      "dQ": [
        1999,
        null,
        3271,
        1521
      ],
      "visQ": 71
    },
    {
      "t": 14.9,
      "aQ": [
        282,
        null,
        238,
        null,
        null,
        null,
        null,
        null
      ],
      "dQ": [
        null,
        null,
        3282,
        null
      ],
      "visQ": 70
    },
    {
      "t": 15,
      "aQ": [
        284,
        null,
        248,
        null,
        null,
        null,
        null,
        null
      ],
      "dQ": [
        null,
        null,
        3397,
        null
      ],
      "visQ": 69
    },
    {
      "t": 15.1,
      "aQ": [
        280,
        null,
        225,
        null,
        null,
        null,
        null,
        null
      ],
      "dQ": [
        null,
        null,
        3630,
        null
      ],
      "visQ": 69
    },
    {
      "t": 15.2,
      "aQ": [
        276,
        null,
        190,
        null,
        null,
        null,
        null,
        null
      ],
      "dQ": [
        null,
        null,
        3627,
        null
      ],
      "visQ": 68
    },
    {
      "t": 15.3,
      "aQ": [
        269,
        null,
        229,
        null,
        null,
        null,
        null,
        null
      ],
      "dQ": [
        null,
        null,
        3049,
        null
      ],
      "visQ": 67
    },
    {
      "t": 15.4,
      "aQ": [
        268,
        null,
        235,
        null,
        null,
        null,
        null,
        null
      ],
      "dQ": [
        null,
        null,
        2803,
        null
      ],
      "visQ": 67
    },
    {
      "t": 15.5,
      "aQ": [
        267,
        null,
        230,
        null,
        null,
        null,
        null,
        null
      ],
      "dQ": [
        null,
        null,
        2658,
        null
      ],
      "visQ": 67
    },
    {
      "t": 15.6,
      "aQ": [
        269,
        null,
        224,
        null,
        null,
        null,
        null,
        null
      ],
      "dQ": [
        null,
        null,
        2821,
        null
      ],
      "visQ": 66
    },
    {
      "t": 15.7,
      "aQ": [
        266,
        null,
        206,
        null,
        null,
        null,
        null,
        null
      ],
      "dQ": [
        null,
        null,
        2834,
        null
      ],
      "visQ": 66
    },
    {
      "t": 15.8,
      "aQ": [
        261,
        null,
        195,
        null,
        null,
        null,
        null,
        null
      ],
      "dQ": [
        null,
        null,
        3143,
        null
      ],
      "visQ": 66
    },
    {
      "t": 15.9,
      "aQ": [
        258,
        null,
        119,
        null,
        null,
        null,
        null,
        null
      ],
      "dQ": [
        null,
        null,
        3444,
        null
      ],
      "visQ": 66
    },
    {
      "t": 16,
      "aQ": [
        250,
        null,
        85,
        null,
        null,
        null,
        null,
        null
      ],
      "dQ": [
        null,
        null,
        3063,
        null
      ],
      "visQ": 66
    },
    {
      "t": 16.1,
      "aQ": [
        248,
        null,
        84,
        null,
        null,
        null,
        null,
        null
      ],
      "dQ": [
        null,
        null,
        3164,
        null
      ],
      "visQ": 65
    },
    {
      "t": 16.2,
      "aQ": [
        233,
        null,
        83,
        null,
        null,
        null,
        null,
        null
      ],
      "dQ": [
        null,
        null,
        2700,
        null
      ],
      "visQ": 65
    },
    {
      "t": 16.3,
      "aQ": [
        225,
        null,
        72,
        null,
        null,
        null,
        null,
        null
      ],
      "dQ": [
        null,
        null,
        2508,
        null
      ],
      "visQ": 65
    },
    {
      "t": 16.4,
      "aQ": [
        227,
        null,
        76,
        null,
        null,
        null,
        null,
        null
      ],
      "dQ": [
        null,
        null,
        2458,
        null
      ],
      "visQ": 67
    },
    {
      "t": 16.5,
      "aQ": [
        191,
        null,
        32,
        null,
        null,
        null,
        null,
        null
      ],
      "dQ": [
        null,
        null,
        1940,
        null
      ],
      "visQ": 67
    },
    {
      "t": 16.6,
      "aQ": [
        159,
        null,
        8,
        null,
        null,
        null,
        null,
        null
      ],
      "dQ": [
        null,
        null,
        1569,
        null
      ],
      "visQ": 67
    },
    {
      "t": 16.7,
      "aQ": [
        157,
        null,
        19,
        null,
        null,
        null,
        null,
        null
      ],
      "dQ": [
        null,
        null,
        1685,
        null
      ],
      "visQ": 67
    },
    {
      "t": 16.8,
      "aQ": [
        96,
        null,
        10,
        null,
        null,
        null,
        null,
        null
      ],
      "dQ": [
        null,
        null,
        1088,
        null
      ],
      "visQ": 67
    },
    {
      "t": 16.9,
      "aQ": [
        78,
        null,
        5,
        null,
        null,
        null,
        null,
        null
      ],
      "dQ": [
        null,
        null,
        998,
        null
      ],
      "visQ": 67
    },
    {
      "t": 17,
      "aQ": [
        67,
        null,
        23,
        null,
        null,
        null,
        null,
        null
      ],
      "dQ": [
        null,
        null,
        826,
        null
      ],
      "visQ": 66
    },
    {
      "t": 17.1,
      "aQ": [
        70,
        null,
        34,
        null,
        null,
        null,
        null,
        null
      ],
      "dQ": [
        null,
        null,
        813,
        null
      ],
      "visQ": 66
    },
    {
      "t": 17.2,
      "aQ": [
        69,
        null,
        42,
        null,
        null,
        null,
        null,
        null
      ],
      "dQ": [
        null,
        null,
        806,
        null
      ],
      "visQ": 66
    },
    {
      "t": 17.3,
      "aQ": [
        67,
        null,
        46,
        null,
        null,
        null,
        null,
        null
      ],
      "dQ": [
        null,
        null,
        759,
        null
      ],
      "visQ": 65
    },
    {
      "t": 17.4,
      "aQ": [
        67,
        null,
        56,
        null,
        null,
        null,
        null,
        null
      ],
      "dQ": [
        null,
        null,
        716,
        null
      ],
      "visQ": 64
    },
    {
      "t": 17.5,
      "aQ": [
        66,
        null,
        60,
        null,
        null,
        null,
        null,
        null
      ],
      "dQ": [
        null,
        null,
        698,
        null
      ],
      "visQ": 64
    },
    {
      "t": 17.6,
      "aQ": [
        66,
        null,
        68,
        null,
        null,
        null,
        null,
        null
      ],
      "dQ": [
        null,
        null,
        643,
        null
      ],
      "visQ": 64
    },
    {
      "t": 17.7,
      "aQ": [
        68,
        null,
        63,
        null,
        null,
        null,
        null,
        null
      ],
      "dQ": [
        null,
        null,
        687,
        null
      ],
      "visQ": 63
    },
    {
      "t": 17.8,
      "aQ": [
        70,
        null,
        68,
        null,
        null,
        null,
        null,
        null
      ],
      "dQ": [
        null,
        null,
        700,
        null
      ],
      "visQ": 63
    },
    {
      "t": 17.9,
      "aQ": [
        68,
        null,
        68,
        null,
        null,
        null,
        null,
        null
      ],
      "dQ": [
        null,
        null,
        702,
        null
      ],
      "visQ": 63
    },
    {
      "t": 18,
      "aQ": [
        69,
        null,
        65,
        null,
        null,
        null,
        null,
        null
      ],
      "dQ": [
        null,
        null,
        701,
        null
      ],
      "visQ": 63
    },
    {
      "t": 18.1,
      "aQ": [
        78,
        null,
        69,
        null,
        null,
        null,
        null,
        null
      ],
      "dQ": [
        null,
        null,
        734,
        null
      ],
      "visQ": 63
    },
    {
      "t": 18.2,
      "aQ": [
        84,
        null,
        64,
        null,
        null,
        null,
        null,
        null
      ],
      "dQ": [
        null,
        null,
        750,
        null
      ],
      "visQ": 63
    },
    {
      "t": 18.3,
      "aQ": [
        83,
        null,
        60,
        null,
        null,
        null,
        null,
        null
      ],
      "dQ": [
        null,
        null,
        786,
        null
      ],
      "visQ": 63
    },
    {
      "t": 18.4,
      "aQ": [
        84,
        null,
        57,
        null,
        null,
        null,
        null,
        null
      ],
      "dQ": [
        null,
        null,
        807,
        null
      ],
      "visQ": 64
    },
    {
      "t": 18.5,
      "aQ": [
        93,
        null,
        59,
        null,
        null,
        null,
        null,
        null
      ],
      "dQ": [
        null,
        null,
        862,
        null
      ],
      "visQ": 64
    },
    {
      "t": 18.6,
      "aQ": [
        98,
        null,
        54,
        null,
        null,
        null,
        null,
        null
      ],
      "dQ": [
        null,
        null,
        920,
        null
      ],
      "visQ": 64
    },
    {
      "t": 18.7,
      "aQ": [
        107,
        null,
        54,
        null,
        null,
        null,
        null,
        null
      ],
      "dQ": [
        null,
        null,
        954,
        null
      ],
      "visQ": 64
    },
    {
      "t": 18.8,
      "aQ": [
        115,
        null,
        49,
        null,
        null,
        null,
        null,
        null
      ],
      "dQ": [
        null,
        null,
        1046,
        null
      ],
      "visQ": 65
    },
    {
      "t": 18.9,
      "aQ": [
        130,
        null,
        44,
        null,
        null,
        null,
        null,
        null
      ],
      "dQ": [
        null,
        null,
        1098,
        null
      ],
      "visQ": 65
    },
    {
      "t": 19,
      "aQ": [
        154,
        null,
        48,
        null,
        null,
        null,
        null,
        null
      ],
      "dQ": [
        null,
        null,
        1047,
        null
      ],
      "visQ": 66
    },
    {
      "t": 19.1,
      "aQ": [
        163,
        null,
        46,
        null,
        null,
        null,
        null,
        null
      ],
      "dQ": [
        null,
        null,
        1032,
        null
      ],
      "visQ": 66
    },
    {
      "t": 19.2,
      "aQ": [
        163,
        null,
        47,
        null,
        null,
        null,
        null,
        null
      ],
      "dQ": [
        null,
        null,
        977,
        null
      ],
      "visQ": 67
    },
    {
      "t": 19.3,
      "aQ": [
        172,
        null,
        46,
        null,
        null,
        null,
        null,
        null
      ],
      "dQ": [
        null,
        null,
        974,
        null
      ],
      "visQ": 67
    },
    {
      "t": 19.4,
      "aQ": [
        176,
        null,
        43,
        null,
        null,
        null,
        null,
        null
      ],
      "dQ": [
        null,
        null,
        965,
        null
      ],
      "visQ": 67
    },
    {
      "t": 19.5,
      "aQ": [
        195,
        null,
        34,
        null,
        null,
        null,
        null,
        null
      ],
      "dQ": [
        null,
        null,
        996,
        null
      ],
      "visQ": 67
    },
    {
      "t": 19.6,
      "aQ": [
        217,
        null,
        24,
        null,
        null,
        null,
        null,
        null
      ],
      "dQ": [
        null,
        null,
        1057,
        null
      ],
      "visQ": 67
    },
    {
      "t": 19.7,
      "aQ": [
        225,
        null,
        25,
        null,
        null,
        null,
        null,
        null
      ],
      "dQ": [
        null,
        null,
        1097,
        null
      ],
      "visQ": 67
    },
    {
      "t": 19.8,
      "aQ": [
        229,
        null,
        24,
        null,
        null,
        null,
        null,
        null
      ],
      "dQ": [
        null,
        null,
        1129,
        null
      ],
      "visQ": 67
    },
    {
      "t": 19.9,
      "aQ": [
        232,
        null,
        23,
        null,
        null,
        null,
        null,
        null
      ],
      "dQ": [
        null,
        null,
        1237,
        null
      ],
      "visQ": 67
    },
    {
      "t": 20,
      "aQ": [
        234,
        null,
        23,
        null,
        null,
        null,
        null,
        null
      ],
      "dQ": [
        null,
        null,
        1163,
        null
      ],
      "visQ": 66
    },
    {
      "t": 20.1,
      "aQ": [
        242,
        null,
        20,
        null,
        null,
        null,
        null,
        null
      ],
      "dQ": [
        null,
        null,
        1219,
        null
      ],
      "visQ": 66
    },
    {
      "t": 20.2,
      "aQ": [
        246,
        null,
        17,
        null,
        null,
        null,
        null,
        null
      ],
      "dQ": [
        null,
        null,
        1313,
        null
      ],
      "visQ": 65
    },
    {
      "t": 20.3,
      "aQ": [
        253,
        null,
        14,
        null,
        null,
        null,
        null,
        null
      ],
      "dQ": [
        null,
        null,
        1471,
        null
      ],
      "visQ": 65
    },
    {
      "t": 20.4,
      "aQ": [
        252,
        null,
        12,
        null,
        null,
        null,
        null,
        null
      ],
      "dQ": [
        null,
        null,
        1467,
        null
      ],
      "visQ": 65
    },
    {
      "t": 20.5,
      "aQ": [
        250,
        null,
        6,
        null,
        null,
        null,
        null,
        null
      ],
      "dQ": [
        null,
        null,
        1770,
        null
      ],
      "visQ": 66
    },
    {
      "t": 20.6,
      "aQ": [
        256,
        null,
        0,
        null,
        null,
        null,
        null,
        null
      ],
      "dQ": [
        null,
        null,
        1709,
        null
      ],
      "visQ": 67
    },
    {
      "t": 20.7,
      "aQ": [
        268,
        null,
        6,
        null,
        null,
        null,
        null,
        null
      ],
      "dQ": [
        null,
        null,
        1772,
        null
      ],
      "visQ": 68
    },
    {
      "t": 20.8,
      "aQ": [
        269,
        null,
        11,
        null,
        null,
        null,
        null,
        null
      ],
      "dQ": [
        null,
        null,
        1897,
        null
      ],
      "visQ": 69
    },
    {
      "t": 20.9,
      "aQ": [
        267,
        null,
        31,
        null,
        190,
        null,
        278,
        null
      ],
      "dQ": [
        null,
        null,
        2201,
        null
      ],
      "visQ": 69
    },
    {
      "t": 21,
      "aQ": [
        265,
        null,
        41,
        null,
        229,
        null,
        276,
        null
      ],
      "dQ": [
        null,
        null,
        2238,
        null
      ],
      "visQ": 69
    },
    {
      "t": 21.1,
      "aQ": [
        267,
        null,
        59,
        null,
        250,
        null,
        256,
        null
      ],
      "dQ": [
        null,
        null,
        2438,
        null
      ],
      "visQ": 69
    },
    {
      "t": 21.2,
      "aQ": [
        269,
        null,
        80,
        null,
        240,
        null,
        227,
        null
      ],
      "dQ": [
        null,
        null,
        2729,
        null
      ],
      "visQ": 69
    },
    {
      "t": 21.3,
      "aQ": [
        270,
        null,
        87,
        null,
        233,
        null,
        213,
        null
      ],
      "dQ": [
        null,
        null,
        2937,
        null
      ],
      "visQ": 70
    },
    {
      "t": 21.4,
      "aQ": [
        267,
        null,
        97,
        null,
        256,
        null,
        202,
        null
      ],
      "dQ": [
        null,
        null,
        3160,
        null
      ],
      "visQ": 71
    },
    {
      "t": 21.5,
      "aQ": [
        268,
        null,
        126,
        null,
        183,
        null,
        150,
        null
      ],
      "dQ": [
        null,
        null,
        3487,
        null
      ],
      "visQ": 72
    },
    {
      "t": 21.6,
      "aQ": [
        276,
        null,
        147,
        null,
        228,
        null,
        133,
        null
      ],
      "dQ": [
        null,
        null,
        3735,
        null
      ],
      "visQ": 73
    },
    {
      "t": 21.7,
      "aQ": [
        281,
        null,
        144,
        null,
        242,
        null,
        135,
        null
      ],
      "dQ": [
        1887,
        null,
        3927,
        4001
      ],
      "visQ": 73
    },
    {
      "t": 21.8,
      "aQ": [
        288,
        304,
        156,
        196,
        279,
        null,
        121,
        null
      ],
      "dQ": [
        1829,
        null,
        3896,
        4055
      ],
      "visQ": 74
    },
    {
      "t": 21.9,
      "aQ": [
        291,
        306,
        160,
        197,
        272,
        null,
        109,
        null
      ],
      "dQ": [
        2071,
        null,
        4196,
        4547
      ],
      "visQ": 74
    },
    {
      "t": 22,
      "aQ": [
        298,
        307,
        171,
        192,
        292,
        null,
        101,
        null
      ],
      "dQ": [
        1807,
        null,
        3785,
        3977
      ],
      "visQ": 74
    },
    {
      "t": 22.1,
      "aQ": [
        302,
        307,
        197,
        200,
        286,
        null,
        77,
        null
      ],
      "dQ": [
        1678,
        null,
        3749,
        3770
      ],
      "visQ": 75
    },
    {
      "t": 22.2,
      "aQ": [
        296,
        307,
        209,
        202,
        295,
        null,
        69,
        null
      ],
      "dQ": [
        1642,
        null,
        3832,
        3717
      ],
      "visQ": 75
    },
    {
      "t": 22.3,
      "aQ": [
        285,
        306,
        201,
        207,
        291,
        null,
        70,
        null
      ],
      "dQ": [
        1804,
        null,
        4148,
        4148
      ],
      "visQ": 76
    },
    {
      "t": 22.4,
      "aQ": [
        285,
        304,
        213,
        213,
        296,
        null,
        54,
        null
      ],
      "dQ": [
        1757,
        null,
        4216,
        4260
      ],
      "visQ": 78
    },
    {
      "t": 22.5,
      "aQ": [
        297,
        305,
        230,
        210,
        296,
        null,
        44,
        null
      ],
      "dQ": [
        1664,
        null,
        4091,
        4033
      ],
      "visQ": 79
    },
    {
      "t": 22.6,
      "aQ": [
        294,
        306,
        219,
        215,
        303,
        null,
        53,
        null
      ],
      "dQ": [
        1720,
        null,
        4059,
        4034
      ],
      "visQ": 80
    },
    {
      "t": 22.7,
      "aQ": [
        289,
        311,
        210,
        213,
        303,
        null,
        59,
        null
      ],
      "dQ": [
        1739,
        null,
        3994,
        4095
      ],
      "visQ": 81
    },
    {
      "t": 22.8,
      "aQ": [
        289,
        314,
        197,
        210,
        298,
        null,
        77,
        null
      ],
      "dQ": [
        1658,
        null,
        3794,
        3921
      ],
      "visQ": 83
    },
    {
      "t": 22.9,
      "aQ": [
        294,
        311,
        193,
        205,
        297,
        null,
        87,
        null
      ],
      "dQ": [
        1689,
        null,
        3562,
        3887
      ],
      "visQ": 84
    },
    {
      "t": 23,
      "aQ": [
        301,
        305,
        186,
        192,
        285,
        261,
        90,
        110
      ],
      "dQ": [
        1606,
        255,
        3325,
        3362
      ],
      "visQ": 85
    },
    {
      "t": 23.1,
      "aQ": [
        311,
        302,
        198,
        187,
        289,
        263,
        85,
        119
      ],
      "dQ": [
        1720,
        201,
        3102,
        3490
      ],
      "visQ": 85
    },
    {
      "t": 23.2,
      "aQ": [
        303,
        284,
        226,
        160,
        271,
        235,
        49,
        146
      ],
      "dQ": [
        1484,
        613,
        1967,
        1628
      ],
      "visQ": 86
    },
    {
      "t": 23.3,
      "aQ": [
        294,
        207,
        192,
        212,
        265,
        236,
        97,
        213
      ],
      "dQ": [
        2376,
        230,
        1617,
        650
      ],
      "visQ": 86
    },
    {
      "t": 23.5,
      "aQ": [
        127,
        246,
        2,
        81,
        283,
        262,
        271,
        245
      ],
      "dQ": [
        1332,
        465,
        1188,
        1589
      ],
      "visQ": 87
    },
    {
      "t": 23.6,
      "aQ": [
        40,
        76,
        35,
        89,
        280,
        263,
        274,
        248
      ],
      "dQ": [
        1437,
        464,
        2184,
        2233
      ],
      "visQ": 89
    },
    {
      "t": 23.7,
      "aQ": [
        58,
        102,
        126,
        133,
        277,
        263,
        279,
        257
      ],
      "dQ": [
        1299,
        466,
        3092,
        3152
      ],
      "visQ": 90
    },
    {
      "t": 23.8,
      "aQ": [
        35,
        99,
        102,
        131,
        279,
        262,
        280,
        259
      ],
      "dQ": [
        1248,
        430,
        3057,
        3155
      ],
      "visQ": 91
    },
    {
      "t": 23.9,
      "aQ": [
        241,
        226,
        284,
        258,
        290,
        269,
        295,
        276
      ],
      "dQ": [
        1294,
        459,
        5350,
        4930
      ],
      "visQ": 91
    },
    {
      "t": 24,
      "aQ": [
        262,
        258,
        298,
        280,
        300,
        283,
        304,
        289
      ],
      "dQ": [
        1306,
        512,
        6406,
        5908
      ],
      "visQ": 92
    },
    {
      "t": 24.1,
      "aQ": [
        280,
        286,
        305,
        297,
        312,
        300,
        313,
        301
      ],
      "dQ": [
        1281,
        666,
        7243,
        6903
      ],
      "visQ": 93
    },
    {
      "t": 24.2,
      "aQ": [
        299,
        301,
        308,
        306,
        312,
        313,
        310,
        307
      ],
      "dQ": [
        1345,
        743,
        7688,
        7469
      ],
      "visQ": 93
    },
    {
      "t": 24.3,
      "aQ": [
        306,
        302,
        310,
        307,
        313,
        311,
        308,
        309
      ],
      "dQ": [
        1340,
        728,
        7766,
        7627
      ],
      "visQ": 94
    },
    {
      "t": 24.4,
      "aQ": [
        300,
        299,
        308,
        304,
        312,
        313,
        306,
        312
      ],
      "dQ": [
        1338,
        748,
        7194,
        7186
      ],
      "visQ": 94
    },
    {
      "t": 24.5,
      "aQ": [
        296,
        298,
        309,
        304,
        313,
        312,
        303,
        314
      ],
      "dQ": [
        1251,
        684,
        6569,
        6792
      ],
      "visQ": 94
    },
    {
      "t": 24.6,
      "aQ": [
        299,
        296,
        310,
        302,
        313,
        312,
        302,
        313
      ],
      "dQ": [
        1291,
        638,
        6580,
        6584
      ],
      "visQ": 95
    }
  ]
}