{
  "v": 1,
  "exercise": "calf_raises",
  "fps": 10,
  "maxSec": 60,
  "modelComplexity": 1,
  "minDetectionConfidence": 0.8,
  "minTrackingConfidence": 0.8,
  "angles_scale": 100,
  "dists_scale": 1000,
  "frames": [
    {
      "t": 0.1,
      "aQ": [
        142,
        null,
        78,
        null,
        294,
        null,
        307,
        null
      ],
      "dQ": [
        null,
        null,
        882,
        null
      ],
      "visQ": 79
    },
    {
      "t": 0.2,
      "aQ": [
        142,
        null,
        83,
        null,
        292,
        null,
        305,
        null
      ],
      "dQ": [
        null,
        null,
        955,
        null
      ],
      "visQ": 79
    },
    {
      "t": 0.3,
      "aQ": [
        139,
        null,
        85,
        null,
        295,
        null,
        298,
        null
      ],
      "dQ": [
        null,
        null,
        1161,
        null
      ],
      "visQ": 78
    },
    {
      "t": 0.4,
      "aQ": [
        141,
        null,
        83,
        null,
        295,
        null,
        293,
        null
      ],
      "dQ": [
        null,
        null,
        964,
        null
      ],
      "visQ": 78
    },
    {
      "t": 0.5,
      "aQ": [
        143,
        null,
        80,
        null,
        299,
        null,
        290,
        null
      ],
      "dQ": [
        null,
        null,
        786,
        null
      ],
      "visQ": 78
    },
    {
      "t": 0.6,
      "aQ": [
        150,
        null,
        75,
        null,
        302,
        null,
        285,
        null
      ],
      "dQ": [
        null,
        null,
        884,
        null
      ],
      "visQ": 79
    },
    {
      "t": 0.7,
      "aQ": [
        154,
        null,
        73,
        null,
        299,
        null,
        286,
        null
      ],
      "dQ": [
        null,
        967,
        832,
        null
      ],
      "visQ": 79
    },
    {
      "t": 0.8,
      "aQ": [
        154,
        null,
        75,
        null,
        295,
        null,
        292,
        null
      ],
      "dQ": [
        null,
        599,
        760,
        null
      ],
      "visQ": 79
    },
    {
      "t": 0.9,
      "aQ": [
        152,
        null,
        75,
        null,
        283,
        null,
        300,
        null
      ],
      "dQ": [
        null,
        505,
        719,
        null
      ],
      "visQ": 79
    },
    {
      "t": 1,
      "aQ": [
        157,
        null,
        71,
        null,
        286,
        null,
        297,
        null
      ],
      "dQ": [
        null,
        468,
        656,
        null
      ],
      "visQ": 79
    },
    {
      "t": 1.1,
      "aQ": [
        158,
        null,
        72,
        null,
        286,
        null,
        295,
        null
      ],
      "dQ": [
        null,
        481,
        662,
        null
      ],
      "visQ": 79
    },
    {
      "t": 1.2,
      "aQ": [
        159,
        null,
        72,
        null,
        286,
        null,
        295,
        null
      ],
      "dQ": [
        null,
        486,
        662,
        null
      ],
      "visQ": 79
    },
    {
      "t": 1.3,
      "aQ": [
        151,
        null,
        76,
        null,
        290,
        null,
        292,
        null
      ],
      "dQ": [
        null,
        533,
        752,
        null
      ],
      "visQ": 79
    },
    {
      "t": 1.4,
      "aQ": [
        152,
        null,
        75,
        null,
        290,
        null,
        294,
        null
      ],
      "dQ": [
        null,
        546,
        692,
        null
      ],
      "visQ": 79
    },
    {
      "t": 1.5,
      "aQ": [
        153,
        null,
        74,
        null,
        291,
        null,
        294,
        null
      ],
      "dQ": [
        null,
        551,
        682,
        null
      ],
      "visQ": 80
    },
    {
      "t": 1.6,
      "aQ": [
        153,
        null,
        74,
        null,
        291,
        null,
        294,
        null
      ],
      "dQ": [
        null,
        538,
        683,
        null
      ],
      "visQ": 80
    },
    {
      "t": 1.7,
      "aQ": [
        150,
        null,
        75,
        null,
        291,
        null,
        295,
        null
      ],
      "dQ": [
        null,
        529,
        670,
        null
      ],
      "visQ": 80
    },
    {
      "t": 1.8,
      "aQ": [
        153,
        null,
        75,
        null,
        291,
        null,
        293,
        null
      ],
      "dQ": [
        null,
        426,
        615,
        null
      ],
      "visQ": 80
    },
    {
      "t": 1.9,
      "aQ": [
        158,
        null,
        71,
        null,
        285,
        null,
        293,
        null
      ],
      "dQ": [
        null,
        560,
        566,
        null
      ],
      "visQ": 80
    },
    {
      "t": 2,
      "aQ": [
        156,
        null,
        69,
        null,
        290,
        314,
        292,
        290
      ],
      "dQ": [
        null,
        658,
        753,
        null
      ],
      "visQ": 81
    },
    {
      "t": 2.1,
      "aQ": [
        157,
        null,
        69,
        null,
        297,
        303,
        294,
        289
      ],
      "dQ": [
        null,
        769,
        816,
        null
      ],
      "visQ": 81
    },
    {
      "t": 2.2,
      "aQ": [
        156,
        null,
        69,
        null,
        294,
        306,
        299,
        295
      ],
      "dQ": [
        null,
        786,
        759,
        null
      ],
      "visQ": 81
    },
    {
      "t": 2.3,
      "aQ": [
        154,
        null,
        70,
        null,
        296,
        304,
        301,
        295
      ],
      "dQ": [
        null,
        840,
        820,
        null
      ],
      "visQ": 81
    },
    {
      "t": 2.4,
      "aQ": [
        152,
        null,
        72,
        null,
        293,
        309,
        304,
        297
      ],
      "dQ": [
        null,
        953,
        902,
        null
      ],
      "visQ": 81
    },
    {
      "t": 2.5,
      "aQ": [
        149,
        null,
        74,
        null,
        293,
        309,
        303,
        295
      ],
      "dQ": [
        null,
        1050,
        941,
        null
      ],
      "visQ": 81
    },
    {
      "t": 2.6,
      "aQ": [
        146,
        null,
        77,
        null,
        295,
        313,
        299,
        296
      ],
      "dQ": [
        null,
        1154,
        981,
        null
      ],
      "visQ": 81
    },
    {
      "t": 2.7,
      "aQ": [
        142,
        null,
        79,
        null,
        293,
        312,
        296,
        293
      ],
      "dQ": [
        null,
        1146,
        990,
        null
      ],
      "visQ": 81
    },
    {
      "t": 2.8,
      "aQ": [
        141,
        null,
        79,
        null,
        298,
        309,
        287,
        287
      ],
      "dQ": [
        null,
        910,
        792,
        null
      ],
      "visQ": 81
    },
    {
      "t": 2.9,
      "aQ": [
        143,
        null,
        78,
        null,
        297,
        311,
        286,
        284
      ],
      "dQ": [
        null,
        844,
        698,
        null
      ],
      "visQ": 81
    },
    {
      "t": 3,
      "aQ": [
        146,
        null,
        79,
        null,
        298,
        313,
        291,
        291
      ],
      "dQ": [
        null,
        682,
        668,
        null
      ],
      "visQ": 81
    },
    {
      "t": 3.1,
      "aQ": [
        151,
        null,
        79,
        null,
        297,
        308,
        297,
        295
      ],
      "dQ": [
        null,
        485,
        554,
        null
      ],
      "visQ": 81
    },
    {
      "t": 3.2,
      "aQ": [
        152,
        null,
        75,
        null,
        294,
        311,
        301,
        295
      ],
      "dQ": [
        null,
        536,
        692,
        null
      ],
      "visQ": 81
    },
    {
      "t": 3.3,
      "aQ": [
        154,
        null,
        72,
        null,
        293,
        307,
        303,
        293
      ],
      "dQ": [
        null,
        489,
        706,
        null
      ],
      "visQ": 81
    },
    {
      "t": 3.4,
      "aQ": [
        151,
        null,
        74,
        null,
        296,
        309,
        298,
        292
      ],
      "dQ": [
        null,
        496,
        741,
        null
      ],
      "visQ": 81
    },
    {
      "t": 3.5,
      "aQ": [
        151,
        null,
        74,
        null,
        297,
        null,
        298,
        null
      ],
      "dQ": [
        null,
        596,
        787,
        null
      ],
      "visQ": 81
    },
    {
      "t": 3.6,
      "aQ": [
        150,
        null,
        75,
        null,
        297,
        null,
        299,
        null
      ],
      "dQ": [
        null,
        620,
        786,
        null
      ],
      "visQ": 81
    },
    {
      "t": 3.7,
      "aQ": [
        153,
        null,
        73,
        null,
        293,
        313,
        300,
        295
      ],
      "dQ": [
        null,
        682,
        712,
        null
      ],
      "visQ": 81
    },
    {
      "t": 3.8,
      "aQ": [
        151,
        null,
        71,
        null,
        296,
        304,
        295,
        287
      ],
      "dQ": [
        null,
        890,
        909,
        null
      ],
      "visQ": 81
    },
    {
      "t": 3.9,
      "aQ": [
        156,
        null,
        69,
        null,
        300,
        297,
        295,
        288
      ],
      "dQ": [
        null,
        1002,
        879,
        null
      ],
      "visQ": 82
    },
    {
      "t": 4,
      "aQ": [
        156,
        null,
        72,
        null,
        296,
        305,
        302,
        299
      ],
      "dQ": [
        null,
        799,
        747,
        null
      ],
      "visQ": 82
    },
    {
      "t": 4.1,
      "aQ": [
        153,
        null,
        75,
        null,
        293,
        311,
        302,
        301
      ],
      "dQ": [
        null,
        877,
        768,
        null
      ],
      "visQ": 82
    },
    {
      "t": 4.2,
      "aQ": [
        150,
        null,
        78,
        null,
        291,
        313,
        304,
        302
      ],
      "dQ": [
        null,
        946,
        784,
        null
      ],
      "visQ": 81
    },
    {
      "t": 4.3,
      "aQ": [
        147,
        null,
        78,
        null,
        291,
        314,
        307,
        301
      ],
      "dQ": [
        null,
        1083,
        862,
        null
      ],
      "visQ": 81
    },
    {
      "t": 4.4,
      "aQ": [
        148,
        null,
        79,
        null,
        291,
        313,
        306,
        302
      ],
      "dQ": [
        null,
        1119,
        854,
        null
      ],
      "visQ": 81
    },
    {
      "t": 4.5,
      "aQ": [
        145,
        null,
        80,
        null,
        289,
        309,
        304,
        304
      ],
      "dQ": [
        null,
        1166,
        879,
        null
      ],
      "visQ": 81
    },
    {
      "t": 4.6,
      "aQ": [
        142,
        null,
        81,
        null,
        295,
        null,
        294,
        null
      ],
      "dQ": [
        null,
        1002,
        800,
        null
      ],
      "visQ": 81
    },
    {
      "t": 4.7,
      "aQ": [
        148,
        null,
        73,
        null,
        299,
        308,
        288,
        285
      ],
      "dQ": [
        null,
        786,
        728,
        null
      ],
      "visQ": 81
    },
    {
      "t": 4.8,
      "aQ": [
        148,
        null,
        75,
        null,
        301,
        305,
        287,
        282
      ],
      "dQ": [
        null,
        756,
        736,
        null
      ],
      "visQ": 81
    },
    {
      "t": 4.9,
      "aQ": [
        148,
        null,
        77,
        null,
        304,
        308,
        291,
        291
      ],
      "dQ": [
        null,
        543,
        686,
        null
      ],
      "visQ": 81
    },
    {
      "t": 5,
      "aQ": [
        147,
        null,
        78,
        null,
        300,
        310,
        295,
        293
      ],
      "dQ": [
        null,
        477,
        677,
        null
      ],
      "visQ": 81
    },
    {
      "t": 5.1,
      "aQ": [
        150,
        null,
        74,
        null,
        301,
        309,
        295,
        293
      ],
      "dQ": [
        null,
        478,
        681,
        null
      ],
      "visQ": 81
    },
    {
      "t": 5.2,
      "aQ": [
        153,
        null,
        74,
        null,
        301,
        310,
        293,
        292
      ],
      "dQ": [
        null,
        519,
        705,
        null
      ],
      "visQ": 81
    },
    {
      "t": 5.3,
      "aQ": [
        152,
        null,
        75,
        null,
        302,
        null,
        293,
        null
      ],
      "dQ": [
        null,
        536,
        723,
        null
      ],
      "visQ": 81
    },
    {
      "t": 5.4,
      "aQ": [
        150,
        null,
        74,
        null,
        298,
        null,
        295,
        null
      ],
      "dQ": [
        null,
        564,
        740,
        null
      ],
      "visQ": 81
    },
    {
      "t": 5.5,
      "aQ": [
        149,
        null,
        75,
        null,
        291,
        null,
        299,
        null
      ],
      "dQ": [
        null,
        613,
        759,
        null
      ],
      "visQ": 81
    },
    {
      "t": 5.6,
      "aQ": [
        151,
        null,
        72,
        null,
        290,
        null,
        297,
        null
      ],
      "dQ": [
        null,
        740,
        830,
        null
      ],
      "visQ": 81
    },
    {
      "t": 5.7,
      "aQ": [
        153,
        null,
        69,
        null,
        294,
        312,
        298,
        294
      ],
      "dQ": [
        null,
        850,
        854,
        null
      ],
      "visQ": 81
    },
    {
      "t": 5.8,
      "aQ": [
        157,
        null,
        67,
        null,
        296,
        309,
        301,
        300
      ],
      "dQ": [
        null,
        780,
        803,
        null
      ],
      "visQ": 81
    },
    {
      "t": 5.9,
      "aQ": [
        158,
        null,
        69,
        null,
        301,
        303,
        300,
        298
      ],
      "dQ": [
        null,
        874,
        747,
        null
      ],
      "visQ": 81
    }
  ]
}