{
  "v": 1,
  "exercise": "crunches",
  "fps": 10,
  "maxSec": 60,
  "modelComplexity": 1,
  "minDetectionConfidence": 0.8,
  "minTrackingConfidence": 0.8,
  "angles_scale": 100,
  "dists_scale": 1000,
  "frames": [
    {
      "t": 0.1,
      "aQ": [
        null,
        null,
        288,
        158,
        68,
        66,
        138,
        112
      ],
      "dQ": [
        null,
        454,
        null,
        null
      ],
      "visQ": 82
    },
    {
      "t": 0.2,
      "aQ": [
        null,
        null,
        305,
        172,
        69,
        67,
        142,
        115
      ],
      "dQ": [
        null,
        403,
        null,
        null
      ],
      "visQ": 82
    },
    {
      "t": 0.3,
      "aQ": [
        null,
        null,
        308,
        172,
        69,
        67,
        142,
        115
      ],
      "dQ": [
        null,
        396,
        null,
        null
      ],
      "visQ": 82
    },
    {
      "t": 0.4,
      "aQ": [
        null,
        null,
        309,
        193,
        69,
        66,
        136,
        109
      ],
      "dQ": [
        null,
        392,
        null,
        null
      ],
      "visQ": 82
    },
    {
      "t": 0.5,
      "aQ": [
        null,
        null,
        306,
        206,
        66,
        65,
        131,
        102
      ],
      "dQ": [
        null,
        396,
        null,
        null
      ],
      "visQ": 82
    },
    {
      "t": 0.6,
      "aQ": [
        null,
        null,
        310,
        211,
        66,
        66,
        128,
        99
      ],
      "dQ": [
        null,
        340,
        null,
        null
      ],
      "visQ": 82
    },
    {
      "t": 0.7,
      "aQ": [
        null,
        null,
        314,
        213,
        65,
        66,
        125,
        97
      ],
      "dQ": [
        null,
        363,
        null,
        null
      ],
      "visQ": 82
    },
    {
      "t": 0.8,
      "aQ": [
        null,
        null,
        314,
        214,
        65,
        67,
        124,
        96
      ],
      "dQ": [
        null,
        365,
        null,
        null
      ],
      "visQ": 82
    },
    {
      "t": 0.9,
      "aQ": [
        null,
        null,
        313,
        213,
        65,
        67,
        122,
        96
      ],
      "dQ": [
        null,
        362,
        null,
        null
      ],
      "visQ": 83
    },
    {
      "t": 1,
      "aQ": [
        null,
        null,
        313,
        214,
        65,
        68,
        121,
        96
      ],
      "dQ": [
        null,
        344,
        null,
        null
      ],
      "visQ": 83
    },
    {
      "t": 1.1,
      "aQ": [
        null,
        null,
        314,
        213,
        66,
        70,
        122,
        103
      ],
      "dQ": [
        null,
        352,
        null,
        null
      ],
      "visQ": 83
    },
    {
      "t": 1.2,
      "aQ": [
        null,
        null,
        314,
        213,
        66,
        71,
        121,
        105
      ],
      "dQ": [
        null,
        361,
        null,
        null
      ],
      "visQ": 84
    },
    {
      "t": 1.3,
      "aQ": [
        null,
        null,
        314,
        213,
        65,
        71,
        121,
        105
      ],
      "dQ": [
        null,
        368,
        null,
        null
      ],
      "visQ": 84
    },
    {
      "t": 1.4,
      "aQ": [
        null,
        null,
        314,
        213,
        65,
        71,
        121,
        105
      ],
      "dQ": [
        null,
        371,
        null,
        null
      ],
      "visQ": 84
    },
    {
      "t": 1.5,
      "aQ": [
        null,
        98,
        314,
        213,
        65,
        69,
        121,
        96
      ],
      "dQ": [
        null,
        382,
        null,
        2648
      ],
      "visQ": 84
    },
    {
      "t": 1.6,
      "aQ": [
        null,
        98,
        313,
        213,
        65,
        69,
        121,
        96
      ],
      "dQ": [
        null,
        390,
        null,
        2657
      ],
      "visQ": 85
    },
    {
      "t": 1.7,
      "aQ": [
        null,
        99,
        313,
        212,
        65,
        69,
        121,
        96
      ],
      "dQ": [
        null,
        390,
        null,
        2661
      ],
      "visQ": 85
    },
    {
      "t": 1.8,
      "aQ": [
        null,
        99,
        313,
        212,
        65,
        70,
        121,
        96
      ],
      "dQ": [
        null,
        389,
        null,
        2664
      ],
      "visQ": 85
    },
    {
      "t": 1.9,
      "aQ": [
        null,
        99,
        313,
        212,
        65,
        70,
        121,
        96
      ],
      "dQ": [
        null,
        391,
        null,
        2664
      ],
      "visQ": 85
    },
    {
      "t": 2,
      "aQ": [
        null,
        101,
        314,
        212,
        65,
        70,
        121,
        96
      ],
      "dQ": [
        null,
        395,
        null,
        2677
      ],
      "visQ": 85
    },
    {
      "t": 2.1,
      "aQ": [
        null,
        101,
        314,
        212,
        64,
        70,
        119,
        96
      ],
      "dQ": [
        null,
        396,
        null,
        2674
      ],
      "visQ": 86
    },
    {
      "t": 2.2,
      "aQ": [
        null,
        101,
        314,
        212,
        65,
        70,
        120,
        96
      ],
      "dQ": [
        null,
        397,
        null,
        2675
      ],
      "visQ": 86
    },
    {
      "t": 2.3,
      "aQ": [
        null,
        101,
        314,
        212,
        65,
        70,
        120,
        96
      ],
      "dQ": [
        null,
        398,
        null,
        2675
      ],
      "visQ": 86
    },
    {
      "t": 2.4,
      "aQ": [
        null,
        101,
        313,
        212,
        65,
        70,
        120,
        97
      ],
      "dQ": [
        null,
        399,
        null,
        2675
      ],
      "visQ": 86
    },
    {
      "t": 2.5,
      "aQ": [
        null,
        102,
        313,
        212,
        65,
        70,
        121,
        97
      ],
      "dQ": [
        null,
        399,
        null,
        2673
      ],
      "visQ": 86
    },
    {
      "t": 2.6,
      "aQ": [
        null,
        102,
        313,
        212,
        65,
        70,
        121,
        97
      ],
      "dQ": [
        null,
        401,
        null,
        2675
      ],
      "visQ": 86
    },
    {
      "t": 2.7,
      "aQ": [
        null,
        102,
        313,
        211,
        65,
        70,
        121,
        97
      ],
      "dQ": [
        null,
        400,
        null,
        2664
      ],
      "visQ": 86
    },
    {
      "t": 2.8,
      "aQ": [
        null,
        102,
        313,
        211,
        65,
        70,
        122,
        97
      ],
      "dQ": [
        null,
        399,
        null,
        2618
      ],
      "visQ": 86
    },
    {
      "t": 2.9,
      "aQ": [
        null,
        92,
        304,
        210,
        65,
        70,
        124,
        98
      ],
      "dQ": [
        null,
        388,
        null,
        2501
      ],
      "visQ": 87
    },
    {
      "t": 3,
      "aQ": [
        null,
        97,
        295,
        203,
        66,
        72,
        127,
        108
      ],
      "dQ": [
        null,
        379,
        null,
        2594
      ],
      "visQ": 87
    },
    {
      "t": 3.1,
      "aQ": [
        null,
        95,
        299,
        199,
        66,
        71,
        131,
        106
      ],
      "dQ": [
        null,
        358,
        null,
        2540
      ],
      "visQ": 87
    },
    {
      "t": 3.2,
      "aQ": [
        null,
        92,
        305,
        193,
        67,
        70,
        135,
        108
      ],
      "dQ": [
        null,
        337,
        null,
        2470
      ],
      "visQ": 87
    },
    {
      "t": 3.3,
      "aQ": [
        null,
        85,
        308,
        189,
        66,
        71,
        138,
        110
      ],
      "dQ": [
        null,
        362,
        null,
        2393
      ],
      "visQ": 86
    },
    {
      "t": 3.4,
      "aQ": [
        null,
        84,
        305,
        187,
        67,
        70,
        140,
        112
      ],
      "dQ": [
        null,
        367,
        null,
        2352
      ],
      "visQ": 86
    },
    {
      "t": 3.5,
      "aQ": [
        null,
        71,
        306,
        181,
        67,
        69,
        144,
        113
      ],
      "dQ": [
        null,
        387,
        null,
        2175
      ],
      "visQ": 86
    },
    {
      "t": 3.6,
      "aQ": [
        null,
        69,
        307,
        179,
        66,
        68,
        145,
        114
      ],
      "dQ": [
        null,
        393,
        null,
        2128
      ],
      "visQ": 85
    },
    {
      "t": 3.7,
      "aQ": [
        null,
        48,
        302,
        170,
        67,
        68,
        147,
        115
      ],
      "dQ": [
        null,
        377,
        null,
        1972
      ],
      "visQ": 85
    },
    {
      "t": 3.8,
      "aQ": [
        null,
        52,
        298,
        168,
        68,
        67,
        148,
        115
      ],
      "dQ": [
        null,
        369,
        null,
        2053
      ],
      "visQ": 85
    },
    {
      "t": 3.9,
      "aQ": [
        null,
        null,
        298,
        168,
        69,
        67,
        148,
        116
      ],
      "dQ": [
        null,
        367,
        null,
        null
      ],
      "visQ": 84
    },
    {
      "t": 4,
      "aQ": [
        null,
        null,
        298,
        165,
        69,
        68,
        150,
        117
      ],
      "dQ": [
        null,
        348,
        null,
        null
      ],
      "visQ": 84
    },
    {
      "t": 4.1,
      "aQ": [
        null,
        null,
        299,
        163,
        69,
        68,
        150,
        119
      ],
      "dQ": [
        null,
        347,
        null,
        null
      ],
      "visQ": 84
    },
    {
      "t": 4.2,
      "aQ": [
        null,
        null,
        300,
        163,
        68,
        68,
        151,
        120
      ],
      "dQ": [
        null,
        347,
        null,
        null
      ],
      "visQ": 83
    },
    {
      "t": 4.3,
      "aQ": [
        null,
        null,
        301,
        161,
        68,
        67,
        152,
        121
      ],
      "dQ": [
        null,
        349,
        null,
        null
      ],
      "visQ": 83
    },
    {
      "t": 4.4,
      "aQ": [
        null,
        null,
        302,
        161,
        69,
        68,
        152,
        122
      ],
      "dQ": [
        null,
        368,
        null,
        null
      ],
      "visQ": 83
    },
    {
      "t": 4.5,
      "aQ": [
        null,
        null,
        313,
        167,
        69,
        68,
        151,
        122
      ],
      "dQ": [
        null,
        377,
        null,
        null
      ],
      "visQ": 82
    },
    {
      "t": 4.6,
      "aQ": [
        null,
        null,
        310,
        175,
        68,
        68,
        150,
        118
      ],
      "dQ": [
        null,
        374,
        null,
        null
      ],
      "visQ": 82
    },
    {
      "t": 4.7,
      "aQ": [
        null,
        null,
        299,
        191,
        68,
        68,
        144,
        116
      ],
      "dQ": [
        null,
        384,
        null,
        null
      ],
      "visQ": 82
    },
    {
      "t": 4.8,
      "aQ": [
        null,
        null,
        293,
        201,
        69,
        68,
        139,
        112
      ],
      "dQ": [
        null,
        399,
        null,
        null
      ],
      "visQ": 82
    },
    {
      "t": 4.9,
      "aQ": [
        null,
        null,
        287,
        207,
        69,
        67,
        136,
        107
      ],
      "dQ": [
        null,
        388,
        null,
        null
      ],
      "visQ": 81
    },
    {
      "t": 5,
      "aQ": [
        null,
        null,
        278,
        212,
        67,
        65,
        132,
        103
      ],
      "dQ": [
        null,
        391,
        null,
        null
      ],
      "visQ": 82
    },
    {
      "t": 5.1,
      "aQ": [
        null,
        null,
        281,
        215,
        66,
        65,
        126,
        98
      ],
      "dQ": [
        null,
        399,
        null,
        null
      ],
      "visQ": 82
    },
    {
      "t": 5.2,
      "aQ": [
        null,
        null,
        283,
        217,
        65,
        66,
        123,
        95
      ],
      "dQ": [
        null,
        406,
        null,
        null
      ],
      "visQ": 82
    },
    {
      "t": 5.3,
      "aQ": [
        null,
        null,
        290,
        217,
        65,
        67,
        121,
        93
      ],
      "dQ": [
        null,
        359,
        null,
        null
      ],
      "visQ": 82
    },
    {
      "t": 5.4,
      "aQ": [
        null,
        null,
        296,
        216,
        66,
        67,
        120,
        91
      ],
      "dQ": [
        null,
        351,
        null,
        null
      ],
      "visQ": 82
    },
    {
      "t": 5.5,
      "aQ": [
        null,
        null,
        297,
        218,
        66,
        67,
        120,
        91
      ],
      "dQ": [
        null,
        351,
        null,
        null
      ],
      "visQ": 83
    },
    {
      "t": 5.6,
      "aQ": [
        null,
        null,
        298,
        217,
        66,
        68,
        120,
        91
      ],
      "dQ": [
        null,
        355,
        null,
        null
      ],
      "visQ": 83
    },
    {
      "t": 5.7,
      "aQ": [
        null,
        null,
        301,
        218,
        66,
        70,
        120,
        92
      ],
      "dQ": [
        null,
        364,
        null,
        null
      ],
      "visQ": 83
    },
    {
      "t": 5.8,
      "aQ": [
        null,
        107,
        302,
        217,
        66,
        70,
        120,
        93
      ],
      "dQ": [
        null,
        369,
        null,
        2770
      ],
      "visQ": 84
    },
    {
      "t": 5.9,
      "aQ": [
        null,
        105,
        303,
        217,
        66,
        71,
        121,
        94
      ],
      "dQ": [
        null,
        376,
        null,
        2743
      ],
      "visQ": 84
    },
    {
      "t": 6,
      "aQ": [
        null,
        96,
        310,
        215,
        66,
        71,
        122,
        96
      ],
      "dQ": [
        null,
        388,
        null,
        2687
      ],
      "visQ": 84
    },
    {
      "t": 6.1,
      "aQ": [
        null,
        100,
        312,
        211,
        66,
        71,
        125,
        99
      ],
      "dQ": [
        null,
        388,
        null,
        2687
      ],
      "visQ": 84
    },
    {
      "t": 6.2,
      "aQ": [
        null,
        94,
        312,
        206,
        66,
        70,
        131,
        104
      ],
      "dQ": [
        null,
        382,
        null,
        2602
      ],
      "visQ": 85
    },
    {
      "t": 6.3,
      "aQ": [
        null,
        86,
        312,
        201,
        67,
        70,
        134,
        107
      ],
      "dQ": [
        null,
        384,
        null,
        2475
      ],
      "visQ": 85
    },
    {
      "t": 6.4,
      "aQ": [
        null,
        81,
        313,
        198,
        67,
        70,
        137,
        109
      ],
      "dQ": [
        null,
        370,
        null,
        2407
      ],
      "visQ": 85
    },
    {
      "t": 6.5,
      "aQ": [
        null,
        77,
        309,
        193,
        67,
        69,
        141,
        111
      ],
      "dQ": [
        null,
        367,
        null,
        2309
      ],
      "visQ": 85
    },
    {
      "t": 6.6,
      "aQ": [
        null,
        79,
        309,
        189,
        66,
        68,
        144,
        114
      ],
      "dQ": [
        null,
        399,
        null,
        2297
      ],
      "visQ": 84
    },
    {
      "t": 6.7,
      "aQ": [
        null,
        68,
        311,
        186,
        67,
        68,
        146,
        114
      ],
      "dQ": [
        null,
        379,
        null,
        2182
      ],
      "visQ": 84
    },
    {
      "t": 6.8,
      "aQ": [
        null,
        62,
        311,
        183,
        68,
        69,
        147,
        115
      ],
      "dQ": [
        null,
        358,
        null,
        2086
      ],
      "visQ": 84
    },
    {
      "t": 6.9,
      "aQ": [
        null,
        57,
        311,
        181,
        68,
        69,
        148,
        115
      ],
      "dQ": [
        null,
        341,
        null,
        2028
      ],
      "visQ": 84
    },
    {
      "t": 7,
      "aQ": [
        null,
        null,
        308,
        178,
        68,
        68,
        149,
        116
      ],
      "dQ": [
        null,
        344,
        null,
        null
      ],
      "visQ": 83
    },
    {
      "t": 7.1,
      "aQ": [
        null,
        null,
        305,
        175,
        69,
        69,
        149,
        117
      ],
      "dQ": [
        null,
        362,
        null,
        null
      ],
      "visQ": 83
    },
    {
      "t": 7.2,
      "aQ": [
        null,
        null,
        300,
        174,
        69,
        69,
        150,
        120
      ],
      "dQ": [
        null,
        377,
        null,
        null
      ],
      "visQ": 83
    },
    {
      "t": 7.3,
      "aQ": [
        null,
        null,
        300,
        172,
        69,
        69,
        150,
        120
      ],
      "dQ": [
        null,
        387,
        null,
        null
      ],
      "visQ": 83
    },
    {
      "t": 7.4,
      "aQ": [
        null,
        null,
        299,
        172,
        69,
        69,
        150,
        120
      ],
      "dQ": [
        null,
        399,
        null,
        null
      ],
      "visQ": 82
    },
    {
      "t": 7.5,
      "aQ": [
        null,
        null,
        297,
        170,
        69,
        69,
        151,
        120
      ],
      "dQ": [
        null,
        410,
        null,
        null
      ],
      "visQ": 82
    },
    {
      "t": 7.6,
      "aQ": [
        null,
        null,
        296,
        170,
        69,
        68,
        151,
        121
      ],
      "dQ": [
        null,
        405,
        null,
        null
      ],
      "visQ": 82
    },
    {
      "t": 7.7,
      "aQ": [
        null,
        null,
        294,
        172,
        69,
        68,
        151,
        120
      ],
      "dQ": [
        null,
        399,
        null,
        null
      ],
      "visQ": 82
    },
    {
      "t": 7.8,
      "aQ": [
        null,
        null,
        283,
        180,
        68,
        68,
        151,
        120
      ],
      "dQ": [
        null,
        388,
        null,
        null
      ],
      "visQ": 82
    },
    {
      "t": 7.9,
      "aQ": [
        null,
        null,
        283,
        189,
        69,
        68,
        146,
        117
      ],
      "dQ": [
        null,
        363,
        null,
        null
      ],
      "visQ": 82
    },
    {
      "t": 8,
      "aQ": [
        null,
        null,
        276,
        198,
        69,
        68,
        141,
        114
      ],
      "dQ": [
        null,
        374,
        null,
        null
      ],
      "visQ": 81
    },
    {
      "t": 8.1,
      "aQ": [
        null,
        null,
        276,
        203,
        70,
        68,
        137,
        111
      ],
      "dQ": [
        null,
        418,
        null,
        null
      ],
      "visQ": 81
    },
    {
      "t": 8.2,
      "aQ": [
        null,
        null,
        278,
        210,
        69,
        66,
        131,
        104
      ],
      "dQ": [
        null,
        406,
        null,
        null
      ],
      "visQ": 81
    },
    {
      "t": 8.3,
      "aQ": [
        null,
        null,
        279,
        213,
        69,
        65,
        129,
        100
      ],
      "dQ": [
        null,
        417,
        null,
        null
      ],
      "visQ": 81
    },
    {
      "t": 8.4,
      "aQ": [
        null,
        null,
        282,
        214,
        69,
        65,
        125,
        97
      ],
      "dQ": [
        null,
        403,
        null,
        null
      ],
      "visQ": 81
    },
    {
      "t": 8.5,
      "aQ": [
        null,
        null,
        284,
        215,
        68,
        66,
        123,
        95
      ],
      "dQ": [
        null,
        374,
        null,
        null
      ],
      "visQ": 81
    },
    {
      "t": 8.6,
      "aQ": [
        null,
        null,
        287,
        216,
        67,
        66,
        121,
        93
      ],
      "dQ": [
        null,
        375,
        null,
        null
      ],
      "visQ": 81
    },
    {
      "t": 8.7,
      "aQ": [
        null,
        null,
        288,
        217,
        67,
        67,
        121,
        91
      ],
      "dQ": [
        null,
        369,
        null,
        null
      ],
      "visQ": 82
    },
    {
      "t": 8.8,
      "aQ": [
        null,
        null,
        290,
        217,
        67,
        67,
        121,
        90
      ],
      "dQ": [
        null,
        371,
        null,
        null
      ],
      "visQ": 82
    },
    {
      "t": 8.9,
      "aQ": [
        null,
        null,
        292,
        218,
        67,
        68,
        121,
        89
      ],
      "dQ": [
        null,
        372,
        null,
        null
      ],
      "visQ": 82
    },
    {
      "t": 9,
      "aQ": [
        null,
        null,
        292,
        218,
        67,
        69,
        121,
        90
      ],
      "dQ": [
        null,
        371,
        null,
        null
      ],
      "visQ": 82
    },
    {
      "t": 9.1,
      "aQ": [
        null,
        null,
        292,
        218,
        66,
        69,
        120,
        90
      ],
      "dQ": [
        null,
        378,
        null,
        null
      ],
      "visQ": 82
    },
    {
      "t": 9.2,
      "aQ": [
        null,
        null,
        293,
        219,
        66,
        70,
        120,
        91
      ],
      "dQ": [
        null,
        390,
        null,
        null
      ],
      "visQ": 82
    },
    {
      "t": 9.3,
      "aQ": [
        null,
        null,
        293,
        219,
        66,
        70,
        120,
        90
      ],
      "dQ": [
        null,
        393,
        null,
        null
      ],
      "visQ": 83
    },
    {
      "t": 9.4,
      "aQ": [
        null,
        null,
        293,
        219,
        66,
        70,
        121,
        91
      ],
      "dQ": [
        null,
        398,
        null,
        null
      ],
      "visQ": 83
    },
    {
      "t": 9.5,
      "aQ": [
        null,
        null,
        296,
        217,
        66,
        71,
        122,
        93
      ],
      "dQ": [
        null,
        401,
        null,
        null
      ],
      "visQ": 83
    },
    {
      "t": 9.6,
      "aQ": [
        null,
        96,
        295,
        216,
        66,
        71,
        123,
        96
      ],
      "dQ": [
        null,
        423,
        null,
        2784
      ],
      "visQ": 83
    },
    {
      "t": 9.7,
      "aQ": [
        null,
        93,
        298,
        214,
        66,
        70,
        127,
        106
      ],
      "dQ": [
        null,
        395,
        null,
        2724
      ],
      "visQ": 83
    },
    {
      "t": 9.8,
      "aQ": [
        null,
        92,
        294,
        210,
        67,
        69,
        132,
        105
      ],
      "dQ": [
        null,
        364,
        null,
        2650
      ],
      "visQ": 83
    },
    {
      "t": 9.9,
      "aQ": [
        null,
        86,
        294,
        209,
        67,
        69,
        136,
        106
      ],
      "dQ": [
        null,
        388,
        null,
        2523
      ],
      "visQ": 83
    },
    {
      "t": 10,
      "aQ": [
        null,
        76,
        295,
        206,
        67,
        69,
        140,
        109
      ],
      "dQ": [
        null,
        362,
        null,
        2367
      ],
      "visQ": 84
    },
    {
      "t": 10.1,
      "aQ": [
        null,
        73,
        295,
        200,
        66,
        69,
        144,
        113
      ],
      "dQ": [
        null,
        397,
        null,
        2242
      ],
      "visQ": 84
    },
    {
      "t": 10.2,
      "aQ": [
        null,
        68,
        296,
        198,
        67,
        70,
        146,
        115
      ],
      "dQ": [
        null,
        374,
        null,
        2185
      ],
      "visQ": 83
    },
    {
      "t": 10.3,
      "aQ": [
        null,
        66,
        295,
        195,
        68,
        70,
        148,
        118
      ],
      "dQ": [
        null,
        370,
        null,
        2201
      ],
      "visQ": 83
    },
    {
      "t": 10.4,
      "aQ": [
        null,
        64,
        291,
        191,
        68,
        70,
        150,
        121
      ],
      "dQ": [
        null,
        388,
        null,
        2222
      ],
      "visQ": 83
    },
    {
      "t": 10.5,
      "aQ": [
        null,
        null,
        290,
        189,
        66,
        69,
        151,
        122
      ],
      "dQ": [
        null,
        379,
        null,
        null
      ],
      "visQ": 83
    },
    {
      "t": 10.6,
      "aQ": [
        null,
        null,
        291,
        188,
        67,
        69,
        151,
        122
      ],
      "dQ": [
        null,
        404,
        null,
        null
      ],
      "visQ": 83
    },
    {
      "t": 10.7,
      "aQ": [
        null,
        null,
        291,
        187,
        67,
        68,
        151,
        122
      ],
      "dQ": [
        null,
        414,
        null,
        null
      ],
      "visQ": 82
    },
    {
      "t": 10.8,
      "aQ": [
        null,
        null,
        293,
        186,
        67,
        68,
        151,
        122
      ],
      "dQ": [
        null,
        405,
        null,
        null
      ],
      "visQ": 82
    },
    {
      "t": 10.9,
      "aQ": [
        null,
        null,
        292,
        184,
        67,
        68,
        151,
        123
      ],
      "dQ": [
        null,
        411,
        null,
        null
      ],
      "visQ": 82
    },
    {
      "t": 11,
      "aQ": [
        null,
        null,
        293,
        183,
        67,
        68,
        151,
        123
      ],
      "dQ": [
        null,
        422,
        null,
        null
      ],
      "visQ": 82
    },
    {
      "t": 11.1,
      "aQ": [
        null,
        null,
        293,
        183,
        67,
        67,
        152,
        123
      ],
      "dQ": [
        null,
        431,
        null,
        null
      ],
      "visQ": 82
    },
    {
      "t": 11.2,
      "aQ": [
        null,
        null,
        280,
        186,
        67,
        68,
        152,
        123
      ],
      "dQ": [
        null,
        417,
        null,
        null
      ],
      "visQ": 81
    },
    {
      "t": 11.3,
      "aQ": [
        null,
        null,
        276,
        194,
        67,
        69,
        148,
        121
      ],
      "dQ": [
        null,
        420,
        null,
        null
      ],
      "visQ": 81
    },
    {
      "t": 11.4,
      "aQ": [
        null,
        null,
        276,
        199,
        65,
        68,
        143,
        117
      ],
      "dQ": [
        null,
        425,
        null,
        null
      ],
      "visQ": 81
    },
    {
      "t": 11.5,
      "aQ": [
        null,
        null,
        270,
        206,
        65,
        68,
        137,
        110
      ],
      "dQ": [
        null,
        417,
        null,
        null
      ],
      "visQ": 81
    },
    {
      "t": 11.6,
      "aQ": [
        null,
        null,
        272,
        208,
        66,
        67,
        132,
        105
      ],
      "dQ": [
        null,
        425,
        null,
        null
      ],
      "visQ": 80
    },
    {
      "t": 11.7,
      "aQ": [
        null,
        null,
        271,
        213,
        66,
        64,
        127,
        100
      ],
      "dQ": [
        null,
        424,
        null,
        null
      ],
      "visQ": 80
    },
    {
      "t": 11.8,
      "aQ": [
        null,
        null,
        272,
        214,
        65,
        65,
        124,
        96
      ],
      "dQ": [
        null,
        418,
        null,
        null
      ],
      "visQ": 81
    },
    {
      "t": 11.9,
      "aQ": [
        null,
        null,
        275,
        214,
        65,
        66,
        123,
        94
      ],
      "dQ": [
        null,
        381,
        null,
        null
      ],
      "visQ": 81
    },
    {
      "t": 12,
      "aQ": [
        null,
        null,
        279,
        215,
        65,
        65,
        121,
        92
      ],
      "dQ": [
        null,
        400,
        null,
        null
      ],
      "visQ": 81
    },
    {
      "t": 12.1,
      "aQ": [
        null,
        null,
        280,
        215,
        65,
        67,
        122,
        92
      ],
      "dQ": [
        null,
        402,
        null,
        null
      ],
      "visQ": 82
    },
    {
      "t": 12.2,
      "aQ": [
        null,
        null,
        282,
        216,
        65,
        67,
        122,
        91
      ],
      "dQ": [
        null,
        400,
        null,
        null
      ],
      "visQ": 82
    },
    {
      "t": 12.3,
      "aQ": [
        null,
        null,
        284,
        215,
        65,
        67,
        122,
        91
      ],
      "dQ": [
        null,
        400,
        null,
        null
      ],
      "visQ": 82
    },
    {
      "t": 12.4,
      "aQ": [
        null,
        null,
        284,
        216,
        65,
        68,
        122,
        91
      ],
      "dQ": [
        null,
        389,
        null,
        null
      ],
      "visQ": 82
    },
    {
      "t": 12.5,
      "aQ": [
        null,
        103,
        284,
        215,
        66,
        68,
        123,
        92
      ],
      "dQ": [
        null,
        396,
        null,
        2672
      ],
      "visQ": 83
    },
    {
      "t": 12.6,
      "aQ": [
        null,
        103,
        284,
        216,
        66,
        68,
        123,
        92
      ],
      "dQ": [
        null,
        400,
        null,
        2693
      ],
      "visQ": 83
    },
    {
      "t": 12.7,
      "aQ": [
        null,
        98,
        285,
        217,
        66,
        69,
        124,
        94
      ],
      "dQ": [
        null,
        403,
        null,
        2647
      ],
      "visQ": 83
    },
    {
      "t": 12.8,
      "aQ": [
        null,
        89,
        289,
        215,
        66,
        70,
        124,
        95
      ],
      "dQ": [
        null,
        409,
        null,
        2572
      ],
      "visQ": 83
    },
    {
      "t": 12.9,
      "aQ": [
        null,
        89,
        291,
        208,
        66,
        70,
        126,
        99
      ],
      "dQ": [
        null,
        422,
        null,
        2684
      ],
      "visQ": 83
    },
    {
      "t": 13,
      "aQ": [
        null,
        89,
        292,
        202,
        66,
        69,
        130,
        107
      ],
      "dQ": [
        null,
        413,
        null,
        2641
      ],
      "visQ": 83
    },
    {
      "t": 13.1,
      "aQ": [
        null,
        83,
        289,
        200,
        66,
        67,
        132,
        111
      ],
      "dQ": [
        null,
        407,
        null,
        2553
      ],
      "visQ": 83
    },
    {
      "t": 13.2,
      "aQ": [
        null,
        83,
        293,
        195,
        66,
        66,
        137,
        114
      ],
      "dQ": [
        null,
        434,
        null,
        2488
      ],
      "visQ": 83
    },
    {
      "t": 13.3,
      "aQ": [
        null,
        78,
        294,
        189,
        66,
        66,
        140,
        112
      ],
      "dQ": [
        null,
        455,
        null,
        2400
      ],
      "visQ": 83
    },
    {
      "t": 13.4,
      "aQ": [
        null,
        69,
        296,
        184,
        67,
        68,
        143,
        116
      ],
      "dQ": [
        null,
        444,
        null,
        2199
      ],
      "visQ": 83
    },
    {
      "t": 13.5,
      "aQ": [
        null,
        64,
        292,
        181,
        67,
        68,
        146,
        118
      ],
      "dQ": [
        null,
        449,
        null,
        2084
      ],
      "visQ": 83
    },
    {
      "t": 13.6,
      "aQ": [
        null,
        null,
        291,
        180,
        68,
        68,
        147,
        118
      ],
      "dQ": [
        null,
        407,
        null,
        null
      ],
      "visQ": 83
    },
    {
      "t": 13.7,
      "aQ": [
        null,
        null,
        292,
        178,
        68,
        69,
        148,
        118
      ],
      "dQ": [
        null,
        401,
        null,
        null
      ],
      "visQ": 82
    },
    {
      "t": 13.8,
      "aQ": [
        null,
        null,
        290,
        178,
        68,
        68,
        149,
        118
      ],
      "dQ": [
        null,
        397,
        null,
        null
      ],
      "visQ": 82
    },
    {
      "t": 13.9,
      "aQ": [
        null,
        null,
        292,
        179,
        68,
        69,
        149,
        120
      ],
      "dQ": [
        null,
        405,
        null,
        null
      ],
      "visQ": 82
    },
    {
      "t": 14,
      "aQ": [
        null,
        null,
        295,
        180,
        68,
        69,
        149,
        120
      ],
      "dQ": [
        null,
        412,
        null,
        null
      ],
      "visQ": 82
    },
    {
      "t": 14.1,
      "aQ": [
        null,
        null,
        294,
        179,
        69,
        69,
        149,
        120
      ],
      "dQ": [
        null,
        406,
        null,
        null
      ],
      "visQ": 82
    },
    {
      "t": 14.2,
      "aQ": [
        null,
        null,
        293,
        180,
        69,
        69,
        149,
        121
      ],
      "dQ": [
        null,
        416,
        null,
        null
      ],
      "visQ": 81
    },
    {
      "t": 14.3,
      "aQ": [
        null,
        null,
        292,
        180,
        69,
        68,
        149,
        120
      ],
      "dQ": [
        null,
        422,
        null,
        null
      ],
      "visQ": 81
    },
    {
      "t": 14.4,
      "aQ": [
        null,
        null,
        286,
        181,
        68,
        68,
        148,
        120
      ],
      "dQ": [
        null,
        411,
        null,
        null
      ],
      "visQ": 81
    }
  ]
}