{
  "v": 1,
  "exercise": "high_knees",
  "fps": 10,
  "maxSec": 60,
  "modelComplexity": 1,
  "minDetectionConfidence": 0.8,
  "minTrackingConfidence": 0.8,
  "angles_scale": 100,
  "dists_scale": 1000,
  "frames": [
    {
      "t": 0.1,
      "aQ": [
        216,
        121,
        48,
        57,
        293,
        282,
        301,
        298
      ],
      "dQ": [
        1020,
        382,
        813,
        629
      ],
      "visQ": 98
    },
    {
      "t": 0.2,
      "aQ": [
        219,
        125,
        48,
        55,
        293,
        276,
        300,
        303
      ],
      "dQ": [
        996,
        348,
        813,
        600
      ],
      "visQ": 98
    },
    {
      "t": 0.3,
      "aQ": [
        220,
        124,
        49,
        55,
        293,
        275,
        299,
        304
      ],
      "dQ": [
        1009,
        365,
        814,
        592
      ],
      "visQ": 98
    },
    {
      "t": 0.4,
      "aQ": [
        220,
        124,
        50,
        55,
        293,
        272,
        298,
        306
      ],
      "dQ": [
        1016,
        382,
        821,
        595
      ],
      "visQ": 98
    },
    {
      "t": 0.5,
      "aQ": [
        219,
        124,
        49,
        54,
        283,
        253,
        290,
        307
      ],
      "dQ": [
        1016,
        322,
        813,
        574
      ],
      "visQ": 97
    },
    {
      "t": 0.6,
      "aQ": [
        220,
        129,
        52,
        54,
        285,
        227,
        290,
        284
      ],
      "dQ": [
        1045,
        555,
        795,
        467
      ],
      "visQ": 97
    },
    {
      "t": 0.7,
      "aQ": [
        214,
        135,
        50,
        52,
        287,
        206,
        291,
        245
      ],
      "dQ": [
        1054,
        743,
        766,
        393
      ],
      "visQ": 97
    },
    {
      "t": 0.8,
      "aQ": [
        214,
        135,
        48,
        53,
        289,
        181,
        292,
        210
      ],
      "dQ": [
        1028,
        862,
        744,
        393
      ],
      "visQ": 97
    },
    {
      "t": 0.9,
      "aQ": [
        215,
        137,
        48,
        51,
        285,
        114,
        286,
        128
      ],
      "dQ": [
        932,
        1181,
        712,
        382
      ],
      "visQ": 97
    },
    {
      "t": 1,
      "aQ": [
        214,
        136,
        49,
        51,
        284,
        105,
        285,
        115
      ],
      "dQ": [
        914,
        1173,
        700,
        385
      ],
      "visQ": 97
    },
    {
      "t": 1.1,
      "aQ": [
        220,
        135,
        50,
        51,
        283,
        105,
        284,
        113
      ],
      "dQ": [
        892,
        1213,
        698,
        392
      ],
      "visQ": 97
    },
    {
      "t": 1.2,
      "aQ": [
        220,
        134,
        50,
        53,
        285,
        156,
        285,
        166
      ],
      "dQ": [
        899,
        1113,
        676,
        366
      ],
      "visQ": 97
    },
    {
      "t": 1.3,
      "aQ": [
        230,
        132,
        51,
        54,
        290,
        218,
        293,
        249
      ],
      "dQ": [
        947,
        776,
        711,
        393
      ],
      "visQ": 97
    },
    {
      "t": 1.4,
      "aQ": [
        227,
        128,
        54,
        52,
        297,
        226,
        296,
        282
      ],
      "dQ": [
        985,
        516,
        750,
        428
      ],
      "visQ": 97
    },
    {
      "t": 1.5,
      "aQ": [
        222,
        125,
        54,
        53,
        296,
        253,
        292,
        306
      ],
      "dQ": [
        1015,
        321,
        781,
        465
      ],
      "visQ": 96
    },
    {
      "t": 1.6,
      "aQ": [
        222,
        129,
        48,
        50,
        294,
        282,
        295,
        307
      ],
      "dQ": [
        1013,
        309,
        790,
        533
      ],
      "visQ": 96
    },
    {
      "t": 1.7,
      "aQ": [
        230,
        132,
        50,
        47,
        296,
        304,
        295,
        302
      ],
      "dQ": [
        989,
        290,
        800,
        562
      ],
      "visQ": 96
    },
    {
      "t": 1.8,
      "aQ": [
        238,
        132,
        47,
        50,
        294,
        314,
        296,
        297
      ],
      "dQ": [
        970,
        277,
        775,
        557
      ],
      "visQ": 97
    },
    {
      "t": 1.9,
      "aQ": [
        231,
        131,
        38,
        55,
        289,
        309,
        293,
        295
      ],
      "dQ": [
        952,
        286,
        754,
        569
      ],
      "visQ": 97
    },
    {
      "t": 2,
      "aQ": [
        236,
        128,
        34,
        58,
        258,
        303,
        282,
        294
      ],
      "dQ": [
        993,
        322,
        737,
        604
      ],
      "visQ": 97
    },
    {
      "t": 2.1,
      "aQ": [
        237,
        128,
        33,
        60,
        213,
        302,
        250,
        293
      ],
      "dQ": [
        1010,
        512,
        733,
        637
      ],
      "visQ": 97
    },
    {
      "t": 2.2,
      "aQ": [
        251,
        129,
        38,
        62,
        179,
        308,
        220,
        295
      ],
      "dQ": [
        1006,
        681,
        678,
        625
      ],
      "visQ": 97
    },
    {
      "t": 2.3,
      "aQ": [
        259,
        131,
        43,
        61,
        148,
        309,
        180,
        298
      ],
      "dQ": [
        1030,
        941,
        644,
        615
      ],
      "visQ": 97
    },
    {
      "t": 2.4,
      "aQ": [
        255,
        130,
        44,
        64,
        132,
        308,
        147,
        296
      ],
      "dQ": [
        1006,
        1154,
        602,
        599
      ],
      "visQ": 97
    },
    {
      "t": 2.5,
      "aQ": [
        257,
        131,
        49,
        62,
        123,
        307,
        126,
        295
      ],
      "dQ": [
        1027,
        1267,
        613,
        591
      ],
      "visQ": 98
    },
    {
      "t": 2.6,
      "aQ": [
        258,
        134,
        52,
        61,
        119,
        306,
        118,
        295
      ],
      "dQ": [
        1039,
        1295,
        632,
        585
      ],
      "visQ": 98
    },
    {
      "t": 2.7,
      "aQ": [
        254,
        133,
        52,
        60,
        123,
        308,
        121,
        295
      ],
      "dQ": [
        1041,
        1279,
        620,
        577
      ],
      "visQ": 98
    },
    {
      "t": 2.8,
      "aQ": [
        249,
        134,
        50,
        59,
        130,
        309,
        132,
        295
      ],
      "dQ": [
        998,
        1218,
        611,
        571
      ],
      "visQ": 98
    },
    {
      "t": 2.9,
      "aQ": [
        238,
        133,
        46,
        57,
        143,
        308,
        164,
        297
      ],
      "dQ": [
        994,
        1031,
        639,
        590
      ],
      "visQ": 98
    },
    {
      "t": 3,
      "aQ": [
        241,
        132,
        40,
        58,
        165,
        307,
        208,
        295
      ],
      "dQ": [
        991,
        803,
        663,
        608
      ],
      "visQ": 98
    },
    {
      "t": 3.1,
      "aQ": [
        242,
        134,
        38,
        58,
        167,
        306,
        212,
        293
      ],
      "dQ": [
        984,
        777,
        654,
        604
      ],
      "visQ": 98
    },
    {
      "t": 3.2,
      "aQ": [
        216,
        134,
        35,
        58,
        246,
        297,
        270,
        289
      ],
      "dQ": [
        1004,
        487,
        719,
        604
      ],
      "visQ": 98
    },
    {
      "t": 3.3,
      "aQ": [
        210,
        133,
        36,
        58,
        282,
        295,
        294,
        286
      ],
      "dQ": [
        1013,
        382,
        740,
        613
      ],
      "visQ": 98
    },
    {
      "t": 3.4,
      "aQ": [
        208,
        131,
        37,
        57,
        294,
        299,
        301,
        284
      ],
      "dQ": [
        998,
        355,
        743,
        601
      ],
      "visQ": 98
    },
    {
      "t": 3.5,
      "aQ": [
        202,
        129,
        39,
        56,
        295,
        308,
        303,
        284
      ],
      "dQ": [
        1011,
        363,
        764,
        599
      ],
      "visQ": 98
    },
    {
      "t": 3.6,
      "aQ": [
        199,
        128,
        40,
        54,
        298,
        309,
        306,
        287
      ],
      "dQ": [
        1020,
        359,
        780,
        594
      ],
      "visQ": 98
    },
    {
      "t": 3.7,
      "aQ": [
        198,
        130,
        39,
        56,
        294,
        298,
        302,
        292
      ],
      "dQ": [
        1051,
        342,
        791,
        566
      ],
      "visQ": 98
    },
    {
      "t": 3.8,
      "aQ": [
        207,
        134,
        44,
        55,
        286,
        264,
        294,
        307
      ],
      "dQ": [
        1074,
        301,
        770,
        475
      ],
      "visQ": 98
    },
    {
      "t": 3.9,
      "aQ": [
        205,
        130,
        47,
        54,
        293,
        220,
        296,
        266
      ],
      "dQ": [
        1070,
        603,
        755,
        432
      ],
      "visQ": 98
    },
    {
      "t": 4,
      "aQ": [
        212,
        135,
        47,
        53,
        292,
        199,
        293,
        228
      ],
      "dQ": [
        1050,
        752,
        720,
        378
      ],
      "visQ": 98
    },
    {
      "t": 4.1,
      "aQ": [
        226,
        136,
        48,
        52,
        289,
        160,
        289,
        183
      ],
      "dQ": [
        1000,
        964,
        680,
        359
      ],
      "visQ": 98
    },
    {
      "t": 4.2,
      "aQ": [
        231,
        138,
        48,
        52,
        288,
        127,
        287,
        148
      ],
      "dQ": [
        877,
        1045,
        659,
        365
      ],
      "visQ": 98
    },
    {
      "t": 4.3,
      "aQ": [
        234,
        138,
        47,
        51,
        285,
        102,
        286,
        123
      ],
      "dQ": [
        855,
        1192,
        657,
        388
      ],
      "visQ": 98
    },
    {
      "t": 4.4,
      "aQ": [
        233,
        139,
        46,
        51,
        284,
        108,
        285,
        126
      ],
      "dQ": [
        861,
        1154,
        664,
        392
      ],
      "visQ": 98
    },
    {
      "t": 4.5,
      "aQ": [
        232,
        140,
        46,
        51,
        284,
        116,
        285,
        135
      ],
      "dQ": [
        864,
        1109,
        664,
        386
      ],
      "visQ": 98
    },
    {
      "t": 4.6,
      "aQ": [
        234,
        138,
        48,
        52,
        286,
        156,
        287,
        181
      ],
      "dQ": [
        940,
        916,
        667,
        370
      ],
      "visQ": 98
    },
    {
      "t": 4.7,
      "aQ": [
        231,
        136,
        51,
        53,
        286,
        212,
        290,
        244
      ],
      "dQ": [
        1011,
        662,
        695,
        372
      ],
      "visQ": 98
    },
    {
      "t": 4.8,
      "aQ": [
        222,
        127,
        50,
        53,
        288,
        233,
        294,
        283
      ],
      "dQ": [
        1007,
        452,
        736,
        442
      ],
      "visQ": 97
    },
    {
      "t": 4.9,
      "aQ": [
        213,
        125,
        48,
        56,
        278,
        258,
        292,
        312
      ],
      "dQ": [
        1015,
        253,
        759,
        493
      ],
      "visQ": 97
    },
    {
      "t": 5,
      "aQ": [
        217,
        127,
        45,
        55,
        283,
        289,
        297,
        297
      ],
      "dQ": [
        1007,
        298,
        768,
        544
      ],
      "visQ": 97
    },
    {
      "t": 5.1,
      "aQ": [
        216,
        127,
        44,
        51,
        290,
        305,
        299,
        294
      ],
      "dQ": [
        981,
        312,
        786,
        582
      ],
      "visQ": 97
    },
    {
      "t": 5.2,
      "aQ": [
        215,
        123,
        47,
        54,
        292,
        313,
        298,
        291
      ],
      "dQ": [
        964,
        329,
        797,
        602
      ],
      "visQ": 97
    },
    {
      "t": 5.3,
      "aQ": [
        210,
        120,
        39,
        59,
        291,
        307,
        298,
        288
      ],
      "dQ": [
        999,
        343,
        785,
        625
      ],
      "visQ": 97
    },
    {
      "t": 5.4,
      "aQ": [
        201,
        118,
        36,
        59,
        257,
        305,
        279,
        292
      ],
      "dQ": [
        984,
        404,
        755,
        639
      ],
      "visQ": 97
    },
    {
      "t": 5.5,
      "aQ": [
        215,
        121,
        31,
        61,
        207,
        297,
        250,
        287
      ],
      "dQ": [
        959,
        581,
        719,
        664
      ],
      "visQ": 97
    },
    {
      "t": 5.6,
      "aQ": [
        232,
        124,
        35,
        62,
        169,
        307,
        213,
        293
      ],
      "dQ": [
        974,
        813,
        689,
        664
      ],
      "visQ": 98
    },
    {
      "t": 5.7,
      "aQ": [
        242,
        127,
        40,
        61,
        148,
        311,
        176,
        296
      ],
      "dQ": [
        981,
        1066,
        655,
        628
      ],
      "visQ": 98
    },
    {
      "t": 5.8,
      "aQ": [
        234,
        130,
        44,
        59,
        136,
        306,
        145,
        295
      ],
      "dQ": [
        974,
        1248,
        630,
        611
      ],
      "visQ": 98
    },
    {
      "t": 5.9,
      "aQ": [
        238,
        129,
        45,
        58,
        123,
        303,
        122,
        293
      ],
      "dQ": [
        999,
        1343,
        629,
        611
      ],
      "visQ": 98
    },
    {
      "t": 6,
      "aQ": [
        250,
        127,
        51,
        57,
        118,
        303,
        114,
        292
      ],
      "dQ": [
        1036,
        1370,
        641,
        615
      ],
      "visQ": 98
    },
    {
      "t": 6.1,
      "aQ": [
        245,
        127,
        49,
        57,
        123,
        301,
        115,
        291
      ],
      "dQ": [
        1022,
        1364,
        635,
        614
      ],
      "visQ": 98
    },
    {
      "t": 6.2,
      "aQ": [
        235,
        128,
        48,
        57,
        122,
        303,
        115,
        291
      ],
      "dQ": [
        988,
        1361,
        633,
        614
      ],
      "visQ": 98
    },
    {
      "t": 6.3,
      "aQ": [
        228,
        128,
        44,
        57,
        142,
        302,
        151,
        290
      ],
      "dQ": [
        952,
        1216,
        633,
        622
      ],
      "visQ": 98
    },
    {
      "t": 6.4,
      "aQ": [
        232,
        126,
        40,
        58,
        165,
        302,
        199,
        286
      ],
      "dQ": [
        964,
        958,
        652,
        630
      ],
      "visQ": 98
    },
    {
      "t": 6.5,
      "aQ": [
        225,
        127,
        37,
        57,
        196,
        304,
        240,
        285
      ],
      "dQ": [
        987,
        766,
        690,
        637
      ],
      "visQ": 98
    },
    {
      "t": 6.6,
      "aQ": [
        216,
        126,
        37,
        59,
        239,
        300,
        277,
        281
      ],
      "dQ": [
        1028,
        555,
        743,
        651
      ],
      "visQ": 98
    },
    {
      "t": 6.7,
      "aQ": [
        211,
        126,
        35,
        59,
        277,
        302,
        299,
        279
      ],
      "dQ": [
        1024,
        402,
        735,
        628
      ],
      "visQ": 98
    },
    {
      "t": 6.8,
      "aQ": [
        206,
        125,
        38,
        59,
        296,
        302,
        310,
        279
      ],
      "dQ": [
        1017,
        323,
        761,
        622
      ],
      "visQ": 98
    },
    {
      "t": 6.9,
      "aQ": [
        200,
        126,
        37,
        58,
        299,
        311,
        311,
        282
      ],
      "dQ": [
        1017,
        316,
        771,
        614
      ],
      "visQ": 98
    },
    {
      "t": 7,
      "aQ": [
        200,
        127,
        41,
        54,
        300,
        300,
        308,
        290
      ],
      "dQ": [
        1035,
        309,
        802,
        597
      ],
      "visQ": 98
    },
    {
      "t": 7.1,
      "aQ": [
        204,
        133,
        47,
        53,
        287,
        273,
        301,
        313
      ],
      "dQ": [
        1087,
        194,
        801,
        513
      ],
      "visQ": 98
    },
    {
      "t": 7.2,
      "aQ": [
        205,
        134,
        47,
        54,
        280,
        269,
        297,
        313
      ],
      "dQ": [
        1073,
        191,
        783,
        496
      ],
      "visQ": 97
    },
    {
      "t": 7.3,
      "aQ": [
        206,
        139,
        48,
        54,
        287,
        211,
        297,
        233
      ],
      "dQ": [
        1053,
        775,
        711,
        387
      ],
      "visQ": 97
    },
    {
      "t": 7.4,
      "aQ": [
        220,
        138,
        53,
        54,
        287,
        155,
        291,
        171
      ],
      "dQ": [
        1016,
        890,
        686,
        358
      ],
      "visQ": 97
    }
  ]
}