{
  "v": 1,
  "exercise": "leg_raises",
  "fps": 10,
  "maxSec": 60,
  "modelComplexity": 1,
  "minDetectionConfidence": 0.8,
  "minTrackingConfidence": 0.8,
  "angles_scale": 100,
  "dists_scale": 1000,
  "frames": [
    {
      "t": 0.1,
      "aQ": [
        244,
        null,
        72,
        null,
        297,
        null,
        134,
        null
      ],
      "dQ": [
        null,
        null,
        937,
        null
      ],
      "visQ": 79
    },
    {
      "t": 0.2,
      "aQ": [
        243,
        null,
        70,
        null,
        299,
        null,
        133,
        null
      ],
      "dQ": [
        null,
        null,
        950,
        null
      ],
      "visQ": 79
    },
    {
      "t": 0.3,
      "aQ": [
        241,
        null,
        72,
        null,
        298,
        null,
        132,
        null
      ],
      "dQ": [
        null,
        null,
        966,
        null
      ],
      "visQ": 79
    },
    {
      "t": 0.4,
      "aQ": [
        241,
        null,
        72,
        null,
        298,
        null,
        132,
        null
      ],
      "dQ": [
        null,
        null,
        971,
        null
      ],
      "visQ": 79
    },
    {
      "t": 0.5,
      "aQ": [
        242,
        null,
        73,
        null,
        300,
        null,
        131,
        null
      ],
      "dQ": [
        null,
        null,
        950,
        null
      ],
      "visQ": 79
    },
    {
      "t": 0.6,
      "aQ": [
        241,
        null,
        74,
        null,
        299,
        null,
        128,
        null
      ],
      "dQ": [
        null,
        null,
        927,
        null
      ],
      "visQ": 79
    },
    {
      "t": 0.7,
      "aQ": [
        239,
        null,
        76,
        null,
        300,
        null,
        123,
        null
      ],
      "dQ": [
        null,
        null,
        906,
        null
      ],
      "visQ": 79
    },
    {
      "t": 0.8,
      "aQ": [
        238,
        null,
        78,
        null,
        302,
        null,
        121,
        null
      ],
      "dQ": [
        null,
        null,
        965,
        null
      ],
      "visQ": 79
    },
    {
      "t": 0.9,
      "aQ": [
        239,
        null,
        78,
        null,
        301,
        null,
        120,
        null
      ],
      "dQ": [
        null,
        null,
        961,
        null
      ],
      "visQ": 79
    },
    {
      "t": 1,
      "aQ": [
        243,
        null,
        81,
        null,
        303,
        null,
        118,
        null
      ],
      "dQ": [
        null,
        null,
        989,
        null
      ],
      "visQ": 79
    },
    {
      "t": 1.1,
      "aQ": [
        245,
        null,
        80,
        null,
        303,
        null,
        116,
        null
      ],
      "dQ": [
        null,
        null,
        986,
        null
      ],
      "visQ": 79
    },
    {
      "t": 1.2,
      "aQ": [
        251,
        null,
        76,
        null,
        305,
        null,
        119,
        null
      ],
      "dQ": [
        null,
        null,
        930,
        null
      ],
      "visQ": 79
    },
    {
      "t": 1.3,
      "aQ": [
        251,
        null,
        74,
        null,
        303,
        null,
        119,
        null
      ],
      "dQ": [
        null,
        1024,
        926,
        null
      ],
      "visQ": 80
    },
    {
      "t": 1.4,
      "aQ": [
        257,
        null,
        71,
        null,
        303,
        310,
        121,
        103
      ],
      "dQ": [
        null,
        498,
        941,
        null
      ],
      "visQ": 80
    },
    {
      "t": 1.5,
      "aQ": [
        268,
        null,
        64,
        null,
        305,
        306,
        122,
        106
      ],
      "dQ": [
        null,
        463,
        882,
        null
      ],
      "visQ": 81
    },
    {
      "t": 1.6,
      "aQ": [
        267,
        null,
        63,
        null,
        304,
        305,
        122,
        107
      ],
      "dQ": [
        null,
        342,
        860,
        null
      ],
      "visQ": 81
    },
    {
      "t": 1.7,
      "aQ": [
        267,
        null,
        64,
        null,
        305,
        263,
        124,
        108
      ],
      "dQ": [
        null,
        3154,
        877,
        null
      ],
      "visQ": 82
    },
    {
      "t": 1.8,
      "aQ": [
        267,
        null,
        64,
        null,
        306,
        32,
        125,
        110
      ],
      "dQ": [
        null,
        4797,
        841,
        null
      ],
      "visQ": 82
    },
    {
      "t": 1.9,
      "aQ": [
        263,
        null,
        66,
        null,
        300,
        91,
        127,
        111
      ],
      "dQ": [
        null,
        3948,
        839,
        null
      ],
      "visQ": 83
    },
    {
      "t": 2,
      "aQ": [
        265,
        null,
        64,
        null,
        298,
        289,
        130,
        116
      ],
      "dQ": [
        null,
        2164,
        802,
        null
      ],
      "visQ": 83
    },
    {
      "t": 2.1,
      "aQ": [
        264,
        null,
        67,
        null,
        297,
        306,
        135,
        114
      ],
      "dQ": [
        null,
        249,
        844,
        null
      ],
      "visQ": 83
    },
    {
      "t": 2.2,
      "aQ": [
        264,
        null,
        67,
        null,
        300,
        299,
        142,
        111
      ],
      "dQ": [
        null,
        86,
        840,
        null
      ],
      "visQ": 83
    },
    {
      "t": 2.3,
      "aQ": [
        269,
        null,
        68,
        null,
        301,
        296,
        147,
        113
      ],
      "dQ": [
        null,
        120,
        867,
        null
      ],
      "visQ": 84
    },
    {
      "t": 2.4,
      "aQ": [
        270,
        null,
        69,
        null,
        301,
        298,
        150,
        118
      ],
      "dQ": [
        null,
        139,
        926,
        null
      ],
      "visQ": 84
    },
    {
      "t": 2.5,
      "aQ": [
        275,
        null,
        67,
        null,
        298,
        302,
        151,
        124
      ],
      "dQ": [
        null,
        144,
        944,
        null
      ],
      "visQ": 85
    },
    {
      "t": 2.6,
      "aQ": [
        271,
        null,
        69,
        null,
        297,
        285,
        153,
        127
      ],
      "dQ": [
        null,
        1179,
        959,
        null
      ],
      "visQ": 85
    },
    {
      "t": 2.7,
      "aQ": [
        273,
        null,
        67,
        null,
        298,
        298,
        154,
        126
      ],
      "dQ": [
        null,
        46,
        926,
        null
      ],
      "visQ": 86
    },
    {
      "t": 2.8,
      "aQ": [
        267,
        null,
        68,
        null,
        299,
        297,
        155,
        127
      ],
      "dQ": [
        null,
        161,
        919,
        null
      ],
      "visQ": 86
    },
    {
      "t": 2.9,
      "aQ": [
        268,
        null,
        70,
        null,
        299,
        300,
        161,
        132
      ],
      "dQ": [
        null,
        189,
        952,
        null
      ],
      "visQ": 86
    },
    {
      "t": 3,
      "aQ": [
        275,
        null,
        65,
        null,
        297,
        303,
        164,
        140
      ],
      "dQ": [
        null,
        189,
        919,
        null
      ],
      "visQ": 87
    },
    {
      "t": 3.1,
      "aQ": [
        272,
        null,
        64,
        null,
        297,
        300,
        171,
        151
      ],
      "dQ": [
        null,
        251,
        858,
        null
      ],
      "visQ": 87
    },
    {
      "t": 3.2,
      "aQ": [
        272,
        null,
        62,
        null,
        301,
        299,
        187,
        171
      ],
      "dQ": [
        null,
        102,
        872,
        null
      ],
      "visQ": 88
    },
    {
      "t": 3.3,
      "aQ": [
        271,
        null,
        62,
        null,
        300,
        294,
        200,
        183
      ],
      "dQ": [
        null,
        118,
        865,
        null
      ],
      "visQ": 88
    },
    {
      "t": 3.4,
      "aQ": [
        269,
        null,
        62,
        null,
        300,
        295,
        199,
        183
      ],
      "dQ": [
        null,
        108,
        846,
        null
      ],
      "visQ": 88
    },
    {
      "t": 3.5,
      "aQ": [
        272,
        null,
        65,
        null,
        286,
        295,
        241,
        224
      ],
      "dQ": [
        null,
        252,
        948,
        null
      ],
      "visQ": 89
    },
    {
      "t": 3.6,
      "aQ": [
        276,
        null,
        64,
        null,
        280,
        284,
        249,
        233
      ],
      "dQ": [
        null,
        282,
        1008,
        null
      ],
      "visQ": 89
    },
    {
      "t": 3.7,
      "aQ": [
        278,
        null,
        63,
        null,
        280,
        274,
        263,
        246
      ],
      "dQ": [
        null,
        245,
        1011,
        null
      ],
      "visQ": 88
    },
    {
      "t": 3.8,
      "aQ": [
        277,
        null,
        63,
        null,
        283,
        284,
        272,
        258
      ],
      "dQ": [
        null,
        288,
        993,
        null
      ],
      "visQ": 88
    },
    {
      "t": 3.9,
      "aQ": [
        277,
        null,
        63,
        null,
        281,
        287,
        274,
        265
      ],
      "dQ": [
        null,
        246,
        984,
        null
      ],
      "visQ": 87
    },
    {
      "t": 4,
      "aQ": [
        276,
        null,
        64,
        null,
        286,
        288,
        282,
        272
      ],
      "dQ": [
        null,
        249,
        1006,
        null
      ],
      "visQ": 87
    },
    {
      "t": 4.1,
      "aQ": [
        282,
        null,
        60,
        null,
        282,
        288,
        283,
        276
      ],
      "dQ": [
        null,
        244,
        996,
        null
      ],
      "visQ": 87
    },
    {
      "t": 4.2,
      "aQ": [
        282,
        null,
        62,
        null,
        286,
        288,
        295,
        283
      ],
      "dQ": [
        null,
        311,
        1009,
        null
      ],
      "visQ": 87
    },
    {
      "t": 4.3,
      "aQ": [
        279,
        null,
        64,
        null,
        287,
        290,
        299,
        284
      ],
      "dQ": [
        null,
        299,
        1062,
        null
      ],
      "visQ": 86
    },
    {
      "t": 4.4,
      "aQ": [
        278,
        null,
        66,
        null,
        286,
        294,
        301,
        288
      ],
      "dQ": [
        null,
        276,
        1061,
        null
      ],
      "visQ": 86
    },
    {
      "t": 4.5,
      "aQ": [
        278,
        null,
        64,
        null,
        281,
        285,
        301,
        286
      ],
      "dQ": [
        null,
        329,
        1060,
        null
      ],
      "visQ": 86
    },
    {
      "t": 4.6,
      "aQ": [
        278,
        null,
        64,
        null,
        283,
        289,
        304,
        291
      ],
      "dQ": [
        null,
        351,
        1116,
        null
      ],
      "visQ": 86
    },
    {
      "t": 4.7,
      "aQ": [
        278,
        null,
        66,
        null,
        283,
        284,
        305,
        290
      ],
      "dQ": [
        null,
        347,
        1119,
        null
      ],
      "visQ": 86
    },
    {
      "t": 4.8,
      "aQ": [
        274,
        null,
        66,
        null,
        287,
        294,
        299,
        287
      ],
      "dQ": [
        null,
        379,
        1074,
        null
      ],
      "visQ": 85
    },
    {
      "t": 4.9,
      "aQ": [
        271,
        null,
        67,
        null,
        293,
        299,
        292,
        276
      ],
      "dQ": [
        null,
        265,
        1122,
        null
      ],
      "visQ": 85
    },
    {
      "t": 5,
      "aQ": [
        272,
        null,
        62,
        null,
        293,
        304,
        258,
        247
      ],
      "dQ": [
        null,
        215,
        1022,
        null
      ],
      "visQ": 85
    },
    {
      "t": 5.1,
      "aQ": [
        274,
        null,
        58,
        null,
        293,
        309,
        231,
        226
      ],
      "dQ": [
        null,
        198,
        969,
        null
      ],
      "visQ": 86
    },
    {
      "t": 5.2,
      "aQ": [
        271,
        null,
        61,
        null,
        304,
        313,
        206,
        198
      ],
      "dQ": [
        null,
        193,
        883,
        null
      ],
      "visQ": 86
    },
    {
      "t": 5.3,
      "aQ": [
        273,
        null,
        58,
        null,
        304,
        309,
        188,
        171
      ],
      "dQ": [
        null,
        173,
        788,
        null
      ],
      "visQ": 87
    },
    {
      "t": 5.4,
      "aQ": [
        276,
        null,
        57,
        null,
        303,
        307,
        172,
        151
      ],
      "dQ": [
        null,
        245,
        757,
        null
      ],
      "visQ": 87
    },
    {
      "t": 5.5,
      "aQ": [
        278,
        null,
        58,
        null,
        301,
        296,
        158,
        129
      ],
      "dQ": [
        null,
        800,
        724,
        null
      ],
      "visQ": 88
    },
    {
      "t": 5.6,
      "aQ": [
        277,
        null,
        60,
        null,
        303,
        309,
        149,
        120
      ],
      "dQ": [
        null,
        124,
        727,
        null
      ],
      "visQ": 88
    },
    {
      "t": 5.7,
      "aQ": [
        276,
        null,
        60,
        null,
        302,
        130,
        140,
        109
      ],
      "dQ": [
        null,
        2881,
        735,
        null
      ],
      "visQ": 88
    },
    {
      "t": 5.8,
      "aQ": [
        275,
        null,
        61,
        null,
        304,
        300,
        136,
        112
      ],
      "dQ": [
        null,
        1624,
        760,
        null
      ],
      "visQ": 88
    },
    {
      "t": 5.9,
      "aQ": [
        273,
        null,
        63,
        null,
        306,
        304,
        134,
        110
      ],
      "dQ": [
        null,
        1659,
        783,
        null
      ],
      "visQ": 88
    },
    {
      "t": 6,
      "aQ": [
        273,
        null,
        65,
        null,
        306,
        46,
        130,
        112
      ],
      "dQ": [
        null,
        4236,
        814,
        null
      ],
      "visQ": 88
    },
    {
      "t": 6.1,
      "aQ": [
        273,
        null,
        65,
        null,
        307,
        49,
        130,
        112
      ],
      "dQ": [
        null,
        4505,
        820,
        null
      ],
      "visQ": 88
    },
    {
      "t": 6.2,
      "aQ": [
        272,
        null,
        67,
        null,
        310,
        109,
        130,
        111
      ],
      "dQ": [
        null,
        4024,
        856,
        null
      ],
      "visQ": 88
    },
    {
      "t": 6.3,
      "aQ": [
        269,
        null,
        69,
        null,
        310,
        159,
        128,
        112
      ],
      "dQ": [
        null,
        3785,
        878,
        null
      ],
      "visQ": 88
    },
    {
      "t": 6.4,
      "aQ": [
        268,
        null,
        69,
        null,
        309,
        301,
        126,
        112
      ],
      "dQ": [
        null,
        2937,
        898,
        null
      ],
      "visQ": 88
    },
    {
      "t": 6.5,
      "aQ": [
        268,
        null,
        69,
        null,
        309,
        299,
        124,
        110
      ],
      "dQ": [
        null,
        2060,
        883,
        null
      ],
      "visQ": 88
    },
    {
      "t": 6.6,
      "aQ": [
        268,
        null,
        69,
        null,
        309,
        290,
        123,
        109
      ],
      "dQ": [
        null,
        1770,
        869,
        null
      ],
      "visQ": 88
    },
    {
      "t": 6.7,
      "aQ": [
        264,
        null,
        71,
        null,
        308,
        303,
        122,
        96
      ],
      "dQ": [
        null,
        1294,
        872,
        null
      ],
      "visQ": 88
    },
    {
      "t": 6.8,
      "aQ": [
        264,
        null,
        71,
        null,
        307,
        299,
        123,
        107
      ],
      "dQ": [
        null,
        1503,
        883,
        null
      ],
      "visQ": 88
    },
    {
      "t": 6.9,
      "aQ": [
        265,
        null,
        71,
        null,
        307,
        309,
        124,
        112
      ],
      "dQ": [
        null,
        1493,
        927,
        null
      ],
      "visQ": 88
    },
    {
      "t": 7,
      "aQ": [
        267,
        null,
        71,
        null,
        306,
        38,
        129,
        117
      ],
      "dQ": [
        null,
        4914,
        940,
        null
      ],
      "visQ": 88
    },
    {
      "t": 7.1,
      "aQ": [
        266,
        null,
        70,
        null,
        304,
        23,
        132,
        123
      ],
      "dQ": [
        null,
        5311,
        898,
        null
      ],
      "visQ": 88
    },
    {
      "t": 7.2,
      "aQ": [
        269,
        null,
        69,
        null,
        303,
        239,
        139,
        118
      ],
      "dQ": [
        null,
        3038,
        878,
        null
      ],
      "visQ": 88
    },
    {
      "t": 7.3,
      "aQ": [
        269,
        null,
        68,
        null,
        303,
        305,
        145,
        113
      ],
      "dQ": [
        null,
        164,
        838,
        null
      ],
      "visQ": 88
    },
    {
      "t": 7.4,
      "aQ": [
        269,
        null,
        67,
        null,
        304,
        305,
        149,
        117
      ],
      "dQ": [
        null,
        243,
        811,
        null
      ],
      "visQ": 88
    },
    {
      "t": 7.5,
      "aQ": [
        270,
        null,
        67,
        null,
        305,
        307,
        149,
        117
      ],
      "dQ": [
        null,
        249,
        800,
        null
      ],
      "visQ": 89
    },
    {
      "t": 7.6,
      "aQ": [
        277,
        null,
        63,
        null,
        305,
        309,
        167,
        138
      ],
      "dQ": [
        null,
        297,
        778,
        null
      ],
      "visQ": 89
    },
    {
      "t": 7.7,
      "aQ": [
        277,
        null,
        63,
        null,
        306,
        312,
        167,
        140
      ],
      "dQ": [
        null,
        283,
        779,
        null
      ],
      "visQ": 89
    },
    {
      "t": 7.8,
      "aQ": [
        278,
        null,
        60,
        null,
        309,
        309,
        192,
        174
      ],
      "dQ": [
        null,
        161,
        765,
        null
      ],
      "visQ": 89
    },
    {
      "t": 7.9,
      "aQ": [
        279,
        null,
        60,
        null,
        305,
        313,
        204,
        186
      ],
      "dQ": [
        null,
        111,
        774,
        null
      ],
      "visQ": 89
    },
    {
      "t": 8,
      "aQ": [
        277,
        null,
        62,
        null,
        289,
        313,
        222,
        216
      ],
      "dQ": [
        null,
        152,
        821,
        null
      ],
      "visQ": 90
    },
    {
      "t": 8.1,
      "aQ": [
        277,
        null,
        63,
        null,
        284,
        296,
        238,
        224
      ],
      "dQ": [
        null,
        248,
        847,
        null
      ],
      "visQ": 89
    },
    {
      "t": 8.2,
      "aQ": [
        273,
        null,
        65,
        null,
        287,
        283,
        262,
        242
      ],
      "dQ": [
        null,
        231,
        887,
        null
      ],
      "visQ": 89
    },
    {
      "t": 8.3,
      "aQ": [
        273,
        null,
        66,
        null,
        288,
        295,
        279,
        265
      ],
      "dQ": [
        null,
        221,
        918,
        null
      ],
      "visQ": 88
    },
    {
      "t": 8.4,
      "aQ": [
        274,
        null,
        67,
        null,
        285,
        290,
        291,
        276
      ],
      "dQ": [
        null,
        264,
        949,
        null
      ],
      "visQ": 88
    },
    {
      "t": 8.5,
      "aQ": [
        281,
        null,
        65,
        null,
        284,
        291,
        302,
        283
      ],
      "dQ": [
        null,
        353,
        966,
        null
      ],
      "visQ": 87
    },
    {
      "t": 8.6,
      "aQ": [
        283,
        null,
        65,
        null,
        283,
        293,
        303,
        286
      ],
      "dQ": [
        null,
        394,
        973,
        null
      ],
      "visQ": 87
    },
    {
      "t": 8.7,
      "aQ": [
        286,
        null,
        63,
        null,
        282,
        279,
        311,
        289
      ],
      "dQ": [
        null,
        354,
        986,
        null
      ],
      "visQ": 87
    },
    {
      "t": 8.8,
      "aQ": [
        287,
        null,
        62,
        null,
        282,
        277,
        312,
        289
      ],
      "dQ": [
        null,
        349,
        979,
        null
      ],
      "visQ": 86
    },
    {
      "t": 8.9,
      "aQ": [
        287,
        null,
        62,
        null,
        282,
        276,
        313,
        289
      ],
      "dQ": [
        null,
        360,
        979,
        null
      ],
      "visQ": 86
    },
    {
      "t": 9,
      "aQ": [
        286,
        null,
        63,
        null,
        288,
        294,
        299,
        283
      ],
      "dQ": [
        null,
        274,
        992,
        null
      ],
      "visQ": 86
    },
    {
      "t": 9.1,
      "aQ": [
        288,
        null,
        61,
        null,
        294,
        292,
        285,
        268
      ],
      "dQ": [
        null,
        206,
        963,
        null
      ],
      "visQ": 86
    },
    {
      "t": 9.2,
      "aQ": [
        288,
        null,
        59,
        null,
        283,
        291,
        249,
        232
      ],
      "dQ": [
        null,
        285,
        932,
        null
      ],
      "visQ": 86
    },
    {
      "t": 9.3,
      "aQ": [
        290,
        null,
        57,
        null,
        278,
        290,
        228,
        216
      ],
      "dQ": [
        null,
        88,
        912,
        null
      ],
      "visQ": 86
    },
    {
      "t": 9.4,
      "aQ": [
        286,
        null,
        56,
        null,
        281,
        288,
        203,
        192
      ],
      "dQ": [
        null,
        160,
        829,
        null
      ],
      "visQ": 86
    },
    {
      "t": 9.5,
      "aQ": [
        287,
        null,
        54,
        null,
        272,
        275,
        174,
        155
      ],
      "dQ": [
        null,
        277,
        785,
        null
      ],
      "visQ": 87
    },
    {
      "t": 9.6,
      "aQ": [
        285,
        null,
        56,
        null,
        278,
        283,
        162,
        142
      ],
      "dQ": [
        null,
        287,
        762,
        null
      ],
      "visQ": 87
    },
    {
      "t": 9.7,
      "aQ": [
        282,
        null,
        60,
        null,
        281,
        282,
        151,
        126
      ],
      "dQ": [
        null,
        691,
        833,
        null
      ],
      "visQ": 87
    },
    {
      "t": 9.8,
      "aQ": [
        279,
        null,
        63,
        null,
        286,
        138,
        146,
        119
      ],
      "dQ": [
        null,
        2687,
        878,
        null
      ],
      "visQ": 87
    },
    {
      "t": 9.9,
      "aQ": [
        277,
        null,
        63,
        null,
        291,
        25,
        140,
        123
      ],
      "dQ": [
        null,
        4583,
        858,
        null
      ],
      "visQ": 87
    },
    {
      "t": 10,
      "aQ": [
        276,
        null,
        65,
        null,
        290,
        176,
        135,
        109
      ],
      "dQ": [
        null,
        2604,
        870,
        null
      ],
      "visQ": 87
    },
    {
      "t": 10.1,
      "aQ": [
        279,
        null,
        64,
        null,
        299,
        71,
        134,
        115
      ],
      "dQ": [
        null,
        4123,
        875,
        null
      ],
      "visQ": 87
    },
    {
      "t": 10.2,
      "aQ": [
        279,
        null,
        64,
        null,
        300,
        70,
        131,
        115
      ],
      "dQ": [
        null,
        4341,
        860,
        null
      ],
      "visQ": 87
    },
    {
      "t": 10.3,
      "aQ": [
        279,
        null,
        64,
        null,
        303,
        123,
        131,
        113
      ],
      "dQ": [
        null,
        3977,
        864,
        null
      ],
      "visQ": 87
    },
    {
      "t": 10.4,
      "aQ": [
        280,
        null,
        64,
        null,
        306,
        298,
        130,
        111
      ],
      "dQ": [
        null,
        2158,
        874,
        null
      ],
      "visQ": 87
    },
    {
      "t": 10.5,
      "aQ": [
        276,
        null,
        67,
        null,
        304,
        304,
        126,
        99
      ],
      "dQ": [
        null,
        173,
        877,
        null
      ],
      "visQ": 86
    },
    {
      "t": 10.6,
      "aQ": [
        272,
        null,
        69,
        null,
        304,
        309,
        125,
        101
      ],
      "dQ": [
        null,
        228,
        891,
        null
      ],
      "visQ": 85
    },
    {
      "t": 10.7,
      "aQ": [
        271,
        null,
        70,
        null,
        304,
        305,
        124,
        99
      ],
      "dQ": [
        null,
        185,
        905,
        null
      ],
      "visQ": 85
    },
    {
      "t": 10.8,
      "aQ": [
        270,
        null,
        71,
        null,
        304,
        303,
        124,
        99
      ],
      "dQ": [
        null,
        180,
        906,
        null
      ],
      "visQ": 85
    },
    {
      "t": 10.9,
      "aQ": [
        273,
        null,
        69,
        null,
        303,
        302,
        124,
        99
      ],
      "dQ": [
        null,
        194,
        908,
        null
      ],
      "visQ": 84
    },
    {
      "t": 11,
      "aQ": [
        272,
        null,
        68,
        null,
        300,
        304,
        123,
        102
      ],
      "dQ": [
        null,
        244,
        899,
        null
      ],
      "visQ": 84
    },
    {
      "t": 11.1,
      "aQ": [
        273,
        null,
        67,
        null,
        300,
        307,
        124,
        112
      ],
      "dQ": [
        null,
        270,
        932,
        null
      ],
      "visQ": 84
    },
    {
      "t": 11.2,
      "aQ": [
        272,
        null,
        65,
        null,
        300,
        297,
        122,
        111
      ],
      "dQ": [
        null,
        1674,
        978,
        null
      ],
      "visQ": 84
    },
    {
      "t": 11.3,
      "aQ": [
        272,
        null,
        64,
        null,
        300,
        298,
        121,
        112
      ],
      "dQ": [
        null,
        1700,
        991,
        null
      ],
      "visQ": 84
    },
    {
      "t": 11.4,
      "aQ": [
        271,
        null,
        63,
        null,
        304,
        252,
        122,
        113
      ],
      "dQ": [
        null,
        3472,
        999,
        null
      ],
      "visQ": 85
    },
    {
      "t": 11.5,
      "aQ": [
        272,
        null,
        63,
        null,
        305,
        287,
        122,
        114
      ],
      "dQ": [
        null,
        2945,
        1011,
        null
      ],
      "visQ": 85
    },
    {
      "t": 11.6,
      "aQ": [
        273,
        null,
        63,
        null,
        304,
        293,
        122,
        113
      ],
      "dQ": [
        null,
        2643,
        1021,
        null
      ],
      "visQ": 85
    },
    {
      "t": 11.7,
      "aQ": [
        273,
        null,
        62,
        null,
        303,
        292,
        121,
        113
      ],
      "dQ": [
        null,
        2744,
        1018,
        null
      ],
      "visQ": 85
    },
    {
      "t": 11.8,
      "aQ": [
        273,
        null,
        62,
        null,
        304,
        291,
        122,
        113
      ],
      "dQ": [
        null,
        2785,
        1014,
        null
      ],
      "visQ": 85
    },
    {
      "t": 11.9,
      "aQ": [
        275,
        null,
        62,
        null,
        304,
        290,
        122,
        113
      ],
      "dQ": [
        null,
        2841,
        1007,
        null
      ],
      "visQ": 85
    },
    {
      "t": 12,
      "aQ": [
        276,
        null,
        61,
        null,
        304,
        290,
        122,
        113
      ],
      "dQ": [
        null,
        2856,
        999,
        null
      ],
      "visQ": 85
    },
    {
      "t": 12.1,
      "aQ": [
        276,
        null,
        61,
        null,
        304,
        291,
        121,
        113
      ],
      "dQ": [
        null,
        2839,
        1002,
        null
      ],
      "visQ": 85
    },
    {
      "t": 12.2,
      "aQ": [
        277,
        null,
        61,
        null,
        304,
        290,
        121,
        113
      ],
      "dQ": [
        null,
        2899,
        1003,
        null
      ],
      "visQ": 86
    },
    {
      "t": 12.3,
      "aQ": [
        277,
        null,
        60,
        null,
        304,
        270,
        121,
        113
      ],
      "dQ": [
        null,
        3433,
        993,
        null
      ],
      "visQ": 86
    },
    {
      "t": 12.4,
      "aQ": [
        278,
        null,
        60,
        null,
        303,
        239,
        121,
        113
      ],
      "dQ": [
        null,
        3803,
        982,
        null
      ],
      "visQ": 86
    },
    {
      "t": 12.5,
      "aQ": [
        279,
        null,
        59,
        null,
        303,
        115,
        122,
        114
      ],
      "dQ": [
        null,
        4490,
        977,
        null
      ],
      "visQ": 86
    },
    {
      "t": 12.6,
      "aQ": [
        279,
        null,
        59,
        null,
        303,
        67,
        122,
        115
      ],
      "dQ": [
        null,
        4981,
        978,
        null
      ],
      "visQ": 86
    },
    {
      "t": 12.7,
      "aQ": [
        280,
        null,
        60,
        null,
        302,
        89,
        121,
        115
      ],
      "dQ": [
        null,
        4716,
        994,
        null
      ],
      "visQ": 86
    },
    {
      "t": 12.8,
      "aQ": [
        280,
        null,
        60,
        null,
        302,
        95,
        121,
        115
      ],
      "dQ": [
        null,
        4658,
        1004,
        null
      ],
      "visQ": 86
    },
    {
      "t": 12.9,
      "aQ": [
        280,
        null,
        60,
        null,
        302,
        73,
        122,
        115
      ],
      "dQ": [
        null,
        4840,
        1010,
        null
      ],
      "visQ": 87
    },
    {
      "t": 13,
      "aQ": [
        282,
        null,
        60,
        null,
        302,
        48,
        123,
        115
      ],
      "dQ": [
        null,
        5187,
        990,
        null
      ],
      "visQ": 87
    },
    {
      "t": 13.1,
      "aQ": [
        280,
        null,
        60,
        null,
        302,
        298,
        122,
        111
      ],
      "dQ": [
        null,
        2554,
        939,
        null
      ],
      "visQ": 87
    },
    {
      "t": 13.2,
      "aQ": [
        280,
        null,
        59,
        null,
        301,
        294,
        121,
        109
      ],
      "dQ": [
        null,
        2466,
        870,
        null
      ],
      "visQ": 87
    },
    {
      "t": 13.3,
      "aQ": [
        280,
        null,
        59,
        null,
        299,
        279,
        123,
        109
      ],
      "dQ": [
        null,
        2566,
        866,
        null
      ],
      "visQ": 87
    },
    {
      "t": 13.4,
      "aQ": [
        279,
        null,
        60,
        null,
        297,
        24,
        126,
        117
      ],
      "dQ": [
        null,
        4656,
        894,
        null
      ],
      "visQ": 87
    },
    {
      "t": 13.5,
      "aQ": [
        286,
        null,
        57,
        null,
        298,
        299,
        137,
        107
      ],
      "dQ": [
        null,
        67,
        852,
        null
      ],
      "visQ": 88
    },
    {
      "t": 13.6,
      "aQ": [
        287,
        null,
        56,
        null,
        294,
        291,
        143,
        112
      ],
      "dQ": [
        null,
        348,
        844,
        null
      ],
      "visQ": 88
    },
    {
      "t": 13.7,
      "aQ": [
        288,
        null,
        52,
        null,
        297,
        300,
        154,
        130
      ],
      "dQ": [
        null,
        278,
        780,
        null
      ],
      "visQ": 88
    },
    {
      "t": 13.8,
      "aQ": [
        289,
        null,
        52,
        null,
        300,
        307,
        169,
        149
      ],
      "dQ": [
        null,
        174,
        789,
        null
      ],
      "visQ": 89
    },
    {
      "t": 13.9,
      "aQ": [
        290,
        null,
        51,
        null,
        306,
        305,
        191,
        169
      ],
      "dQ": [
        null,
        115,
        840,
        null
      ],
      "visQ": 89
    },
    {
      "t": 14,
      "aQ": [
        292,
        null,
        51,
        null,
        279,
        287,
        211,
        196
      ],
      "dQ": [
        null,
        170,
        861,
        null
      ],
      "visQ": 90
    },
    {
      "t": 14.1,
      "aQ": [
        294,
        null,
        50,
        null,
        278,
        280,
        233,
        218
      ],
      "dQ": [
        null,
        297,
        882,
        null
      ],
      "visQ": 90
    },
    {
      "t": 14.2,
      "aQ": [
        295,
        null,
        51,
        null,
        274,
        266,
        262,
        244
      ],
      "dQ": [
        null,
        232,
        958,
        null
      ],
      "visQ": 89
    },
    {
      "t": 14.3,
      "aQ": [
        298,
        null,
        51,
        null,
        277,
        273,
        283,
        264
      ],
      "dQ": [
        null,
        302,
        1016,
        null
      ],
      "visQ": 89
    },
    {
      "t": 14.4,
      "aQ": [
        298,
        null,
        52,
        null,
        275,
        277,
        288,
        273
      ],
      "dQ": [
        null,
        386,
        1053,
        null
      ],
      "visQ": 88
    },
    {
      "t": 14.5,
      "aQ": [
        297,
        null,
        52,
        null,
        273,
        275,
        291,
        277
      ],
      "dQ": [
        null,
        438,
        1061,
        null
      ],
      "visQ": 88
    },
    {
      "t": 14.6,
      "aQ": [
        297,
        null,
        52,
        null,
        272,
        275,
        291,
        278
      ],
      "dQ": [
        null,
        466,
        1069,
        null
      ],
      "visQ": 88
    },
    {
      "t": 14.7,
      "aQ": [
        297,
        null,
        52,
        null,
        277,
        281,
        290,
        277
      ],
      "dQ": [
        null,
        456,
        1064,
        null
      ],
      "visQ": 88
    },
    {
      "t": 14.8,
      "aQ": [
        296,
        null,
        52,
        null,
        281,
        282,
        281,
        268
      ],
      "dQ": [
        null,
        336,
        1066,
        null
      ],
      "visQ": 87
    },
    {
      "t": 14.9,
      "aQ": [
        295,
        null,
        50,
        null,
        270,
        264,
        249,
        234
      ],
      "dQ": [
        null,
        267,
        1012,
        null
      ],
      "visQ": 87
    },
    {
      "t": 15,
      "aQ": [
        294,
        null,
        48,
        null,
        271,
        280,
        211,
        206
      ],
      "dQ": [
        null,
        199,
        930,
        null
      ],
      "visQ": 88
    },
    {
      "t": 15.1,
      "aQ": [
        295,
        null,
        45,
        null,
        269,
        271,
        182,
        171
      ],
      "dQ": [
        null,
        191,
        835,
        null
      ],
      "visQ": 88
    },
    {
      "t": 15.2,
      "aQ": [
        296,
        null,
        45,
        null,
        258,
        269,
        152,
        141
      ],
      "dQ": [
        null,
        236,
        803,
        null
      ],
      "visQ": 88
    },
    {
      "t": 15.3,
      "aQ": [
        295,
        null,
        46,
        null,
        254,
        60,
        138,
        119
      ],
      "dQ": [
        null,
        3174,
        805,
        null
      ],
      "visQ": 88
    },
    {
      "t": 15.4,
      "aQ": [
        294,
        null,
        50,
        null,
        266,
        273,
        134,
        106
      ],
      "dQ": [
        null,
        105,
        890,
        null
      ],
      "visQ": 89
    },
    {
      "t": 15.5,
      "aQ": [
        291,
        null,
        54,
        null,
        282,
        31,
        127,
        103
      ],
      "dQ": [
        null,
        4303,
        935,
        null
      ],
      "visQ": 89
    },
    {
      "t": 15.6,
      "aQ": [
        289,
        null,
        57,
        null,
        282,
        15,
        122,
        105
      ],
      "dQ": [
        null,
        5795,
        1003,
        null
      ],
      "visQ": 89
    },
    {
      "t": 15.7,
      "aQ": [
        286,
        null,
        64,
        null,
        288,
        26,
        122,
        111
      ],
      "dQ": [
        null,
        6375,
        1093,
        null
      ],
      "visQ": 89
    },
    {
      "t": 15.8,
      "aQ": [
        285,
        null,
        62,
        null,
        296,
        42,
        121,
        108
      ],
      "dQ": [
        null,
        5331,
        1054,
        null
      ],
      "visQ": 89
    },
    {
      "t": 15.9,
      "aQ": [
        282,
        null,
        64,
        null,
        297,
        69,
        119,
        104
      ],
      "dQ": [
        null,
        4579,
        1034,
        null
      ],
      "visQ": 89
    },
    {
      "t": 16,
      "aQ": [
        279,
        null,
        65,
        null,
        296,
        310,
        117,
        103
      ],
      "dQ": [
        null,
        323,
        915,
        null
      ],
      "visQ": 89
    },
    {
      "t": 16.1,
      "aQ": [
        277,
        null,
        68,
        null,
        296,
        304,
        117,
        101
      ],
      "dQ": [
        null,
        856,
        908,
        null
      ],
      "visQ": 88
    },
    {
      "t": 16.2,
      "aQ": [
        274,
        null,
        69,
        null,
        299,
        305,
        118,
        100
      ],
      "dQ": [
        null,
        634,
        893,
        null
      ],
      "visQ": 88
    },
    {
      "t": 16.3,
      "aQ": [
        271,
        null,
        72,
        null,
        298,
        311,
        119,
        100
      ],
      "dQ": [
        null,
        184,
        886,
        null
      ],
      "visQ": 87
    },
    {
      "t": 16.4,
      "aQ": [
        268,
        null,
        75,
        null,
        297,
        311,
        120,
        100
      ],
      "dQ": [
        null,
        166,
        878,
        null
      ],
      "visQ": 87
    },
    {
      "t": 16.5,
      "aQ": [
        266,
        null,
        76,
        null,
        297,
        313,
        121,
        103
      ],
      "dQ": [
        null,
        242,
        846,
        null
      ],
      "visQ": 87
    },
    {
      "t": 16.6,
      "aQ": [
        263,
        null,
        77,
        null,
        296,
        172,
        121,
        105
      ],
      "dQ": [
        null,
        3048,
        849,
        null
      ],
      "visQ": 87
    },
    {
      "t": 16.7,
      "aQ": [
        272,
        null,
        66,
        null,
        296,
        88,
        122,
        108
      ],
      "dQ": [
        null,
        4194,
        808,
        null
      ],
      "visQ": 87
    },
    {
      "t": 16.8,
      "aQ": [
        270,
        null,
        72,
        null,
        296,
        165,
        129,
        109
      ],
      "dQ": [
        null,
        3537,
        896,
        null
      ],
      "visQ": 88
    },
    {
      "t": 16.9,
      "aQ": [
        272,
        null,
        71,
        null,
        293,
        145,
        129,
        110
      ],
      "dQ": [
        null,
        3674,
        903,
        null
      ],
      "visQ": 88
    },
    {
      "t": 17,
      "aQ": [
        268,
        null,
        70,
        null,
        293,
        53,
        126,
        111
      ],
      "dQ": [
        null,
        5225,
        887,
        null
      ],
      "visQ": 88
    },
    {
      "t": 17.1,
      "aQ": [
        266,
        null,
        70,
        null,
        294,
        59,
        125,
        107
      ],
      "dQ": [
        null,
        5096,
        872,
        null
      ],
      "visQ": 88
    },
    {
      "t": 17.2,
      "aQ": [
        267,
        null,
        72,
        null,
        295,
        79,
        124,
        105
      ],
      "dQ": [
        null,
        4499,
        950,
        null
      ],
      "visQ": 88
    },
    {
      "t": 17.3,
      "aQ": [
        267,
        null,
        71,
        null,
        295,
        130,
        124,
        103
      ],
      "dQ": [
        null,
        3852,
        905,
        null
      ],
      "visQ": 88
    },
    {
      "t": 17.4,
      "aQ": [
        273,
        null,
        68,
        null,
        295,
        123,
        123,
        103
      ],
      "dQ": [
        null,
        3809,
        895,
        null
      ],
      "visQ": 88
    },
    {
      "t": 17.5,
      "aQ": [
        272,
        null,
        69,
        null,
        298,
        230,
        123,
        103
      ],
      "dQ": [
        null,
        3019,
        909,
        null
      ],
      "visQ": 88
    },
    {
      "t": 17.6,
      "aQ": [
        269,
        null,
        70,
        null,
        299,
        263,
        122,
        102
      ],
      "dQ": [
        null,
        2481,
        918,
        null
      ],
      "visQ": 88
    },
    {
      "t": 17.7,
      "aQ": [
        265,
        null,
        69,
        null,
        297,
        304,
        121,
        98
      ],
      "dQ": [
        null,
        534,
        871,
        null
      ],
      "visQ": 88
    },
    {
      "t": 17.8,
      "aQ": [
        260,
        null,
        73,
        null,
        295,
        238,
        119,
        100
      ],
      "dQ": [
        null,
        2620,
        873,
        null
      ],
      "visQ": 88
    },
    {
      "t": 17.9,
      "aQ": [
        262,
        null,
        72,
        null,
        296,
        230,
        120,
        101
      ],
      "dQ": [
        null,
        2777,
        873,
        null
      ],
      "visQ": 88
    },
    {
      "t": 18,
      "aQ": [
        260,
        null,
        75,
        null,
        297,
        276,
        122,
        102
      ],
      "dQ": [
        null,
        1672,
        857,
        null
      ],
      "visQ": 88
    },
    {
      "t": 18.1,
      "aQ": [
        259,
        null,
        77,
        null,
        295,
        310,
        123,
        104
      ],
      "dQ": [
        null,
        348,
        859,
        null
      ],
      "visQ": 88
    },
    {
      "t": 18.2,
      "aQ": [
        259,
        null,
        77,
        null,
        296,
        311,
        125,
        104
      ],
      "dQ": [
        null,
        311,
        838,
        null
      ],
      "visQ": 88
    },
    {
      "t": 18.3,
      "aQ": [
        257,
        null,
        78,
        null,
        295,
        275,
        125,
        105
      ],
      "dQ": [
        null,
        1975,
        838,
        null
      ],
      "visQ": 88
    },
    {
      "t": 18.4,
      "aQ": [
        259,
        null,
        74,
        null,
        296,
        234,
        125,
        108
      ],
      "dQ": [
        null,
        2929,
        844,
        null
      ],
      "visQ": 88
    },
    {
      "t": 18.5,
      "aQ": [
        256,
        null,
        75,
        null,
        295,
        242,
        122,
        106
      ],
      "dQ": [
        null,
        3081,
        905,
        null
      ],
      "visQ": 88
    },
    {
      "t": 18.6,
      "aQ": [
        255,
        null,
        75,
        null,
        295,
        241,
        122,
        105
      ],
      "dQ": [
        null,
        3106,
        921,
        null
      ],
      "visQ": 89
    },
    {
      "t": 18.7,
      "aQ": [
        252,
        null,
        74,
        null,
        298,
        84,
        119,
        106
      ],
      "dQ": [
        null,
        4346,
        955,
        null
      ],
      "visQ": 89
    },
    {
      "t": 18.8,
      "aQ": [
        253,
        null,
        75,
        null,
        298,
        57,
        119,
        107
      ],
      "dQ": [
        null,
        4830,
        967,
        null
      ],
      "visQ": 89
    },
    {
      "t": 18.9,
      "aQ": [
        254,
        null,
        75,
        null,
        299,
        53,
        122,
        107
      ],
      "dQ": [
        null,
        4816,
        959,
        null
      ],
      "visQ": 89
    },
    {
      "t": 19,
      "aQ": [
        258,
        null,
        74,
        null,
        298,
        72,
        125,
        106
      ],
      "dQ": [
        null,
        4091,
        893,
        null
      ],
      "visQ": 89
    },
    {
      "t": 19.1,
      "aQ": [
        257,
        null,
        75,
        null,
        296,
        37,
        125,
        108
      ],
      "dQ": [
        null,
        5175,
        893,
        null
      ],
      "visQ": 89
    },
    {
      "t": 19.2,
      "aQ": [
        259,
        null,
        76,
        null,
        295,
        37,
        126,
        111
      ],
      "dQ": [
        null,
        5103,
        911,
        null
      ],
      "visQ": 89
    },
    {
      "t": 19.3,
      "aQ": [
        262,
        null,
        76,
        null,
        296,
        45,
        126,
        110
      ],
      "dQ": [
        null,
        4672,
        924,
        null
      ],
      "visQ": 89
    },
    {
      "t": 19.4,
      "aQ": [
        259,
        null,
        79,
        null,
        308,
        75,
        130,
        110
      ],
      "dQ": [
        null,
        4209,
        917,
        null
      ],
      "visQ": 89
    },
    {
      "t": 19.5,
      "aQ": [
        247,
        null,
        74,
        null,
        296,
        201,
        130,
        109
      ],
      "dQ": [
        null,
        2928,
        643,
        null
      ],
      "visQ": 89
    },
    {
      "t": 19.6,
      "aQ": [
        243,
        null,
        72,
        null,
        293,
        136,
        130,
        109
      ],
      "dQ": [
        null,
        3337,
        588,
        null
      ],
      "visQ": 89
    },
    {
      "t": 19.7,
      "aQ": [
        248,
        null,
        72,
        null,
        291,
        70,
        132,
        113
      ],
      "dQ": [
        null,
        4064,
        662,
        null
      ],
      "visQ": 89
    },
    {
      "t": 19.8,
      "aQ": [
        257,
        null,
        75,
        null,
        292,
        49,
        135,
        115
      ],
      "dQ": [
        null,
        4616,
        832,
        null
      ],
      "visQ": 89
    },
    {
      "t": 19.9,
      "aQ": [
        256,
        null,
        76,
        null,
        291,
        35,
        135,
        121
      ],
      "dQ": [
        null,
        5745,
        864,
        null
      ],
      "visQ": 89
    },
    {
      "t": 20,
      "aQ": [
        278,
        null,
        66,
        null,
        295,
        51,
        138,
        118
      ],
      "dQ": [
        null,
        4585,
        897,
        null
      ],
      "visQ": 89
    },
    {
      "t": 20.1,
      "aQ": [
        285,
        null,
        63,
        null,
        297,
        96,
        138,
        116
      ],
      "dQ": [
        null,
        3871,
        925,
        null
      ],
      "visQ": 88
    },
    {
      "t": 20.2,
      "aQ": [
        287,
        null,
        63,
        null,
        297,
        151,
        138,
        113
      ],
      "dQ": [
        null,
        3520,
        934,
        null
      ],
      "visQ": 88
    },
    {
      "t": 20.3,
      "aQ": [
        287,
        null,
        63,
        null,
        297,
        164,
        138,
        113
      ],
      "dQ": [
        null,
        3444,
        941,
        null
      ],
      "visQ": 88
    },
    {
      "t": 20.4,
      "aQ": [
        287,
        null,
        64,
        null,
        306,
        169,
        138,
        113
      ],
      "dQ": [
        null,
        3465,
        951,
        null
      ],
      "visQ": 88
    },
    {
      "t": 20.5,
      "aQ": [
        285,
        null,
        65,
        null,
        298,
        77,
        137,
        113
      ],
      "dQ": [
        null,
        4015,
        940,
        null
      ],
      "visQ": 88
    },
    {
      "t": 20.6,
      "aQ": [
        287,
        null,
        64,
        null,
        294,
        80,
        136,
        113
      ],
      "dQ": [
        null,
        3921,
        932,
        null
      ],
      "visQ": 88
    },
    {
      "t": 20.7,
      "aQ": [
        287,
        null,
        66,
        null,
        293,
        47,
        135,
        113
      ],
      "dQ": [
        null,
        4650,
        949,
        null
      ],
      "visQ": 88
    },
    {
      "t": 20.8,
      "aQ": [
        286,
        null,
        66,
        null,
        293,
        54,
        134,
        113
      ],
      "dQ": [
        null,
        4523,
        960,
        null
      ],
      "visQ": 88
    },
    {
      "t": 20.9,
      "aQ": [
        284,
        null,
        67,
        null,
        293,
        54,
        133,
        113
      ],
      "dQ": [
        null,
        4479,
        946,
        null
      ],
      "visQ": 88
    },
    {
      "t": 21,
      "aQ": [
        284,
        null,
        66,
        null,
        292,
        28,
        133,
        117
      ],
      "dQ": [
        null,
        5497,
        944,
        null
      ],
      "visQ": 88
    },
    {
      "t": 21.1,
      "aQ": [
        284,
        null,
        66,
        null,
        292,
        28,
        133,
        118
      ],
      "dQ": [
        null,
        5490,
        942,
        null
      ],
      "visQ": 88
    },
    {
      "t": 21.2,
      "aQ": [
        284,
        null,
        65,
        null,
        292,
        28,
        133,
        119
      ],
      "dQ": [
        null,
        5504,
        947,
        null
      ],
      "visQ": 88
    },
    {
      "t": 21.3,
      "aQ": [
        284,
        null,
        65,
        null,
        292,
        27,
        133,
        120
      ],
      "dQ": [
        null,
        5663,
        953,
        null
      ],
      "visQ": 88
    },
    {
      "t": 21.4,
      "aQ": [
        284,
        null,
        65,
        null,
        292,
        28,
        132,
        120
      ],
      "dQ": [
        null,
        5622,
        954,
        null
      ],
      "visQ": 88
    },
    {
      "t": 21.5,
      "aQ": [
        284,
        null,
        65,
        null,
        292,
        28,
        132,
        119
      ],
      "dQ": [
        null,
        5621,
        953,
        null
      ],
      "visQ": 88
    },
    {
      "t": 21.6,
      "aQ": [
        280,
        null,
        67,
        null,
        292,
        28,
        132,
        120
      ],
      "dQ": [
        null,
        5667,
        962,
        null
      ],
      "visQ": 88
    },
    {
      "t": 21.7,
      "aQ": [
        282,
        null,
        67,
        null,
        292,
        28,
        132,
        119
      ],
      "dQ": [
        null,
        5595,
        960,
        null
      ],
      "visQ": 88
    },
    {
      "t": 21.8,
      "aQ": [
        282,
        null,
        66,
        null,
        292,
        29,
        132,
        119
      ],
      "dQ": [
        null,
        5576,
        965,
        null
      ],
      "visQ": 88
    },
    {
      "t": 21.9,
      "aQ": [
        283,
        null,
        66,
        null,
        292,
        29,
        132,
        119
      ],
      "dQ": [
        null,
        5526,
        967,
        null
      ],
      "visQ": 88
    },
    {
      "t": 22,
      "aQ": [
        283,
        null,
        66,
        null,
        292,
        30,
        132,
        118
      ],
      "dQ": [
        null,
        5485,
        969,
        null
      ],
      "visQ": 88
    },
    {
      "t": 22.1,
      "aQ": [
        283,
        null,
        66,
        null,
        292,
        31,
        132,
        118
      ],
      "dQ": [
        null,
        5415,
        970,
        null
      ],
      "visQ": 88
    },
    {
      "t": 22.2,
      "aQ": [
        283,
        null,
        66,
        null,
        292,
        31,
        132,
        118
      ],
      "dQ": [
        null,
        5378,
        970,
        null
      ],
      "visQ": 88
    },
    {
      "t": 22.3,
      "aQ": [
        283,
        null,
        66,
        null,
        292,
        31,
        132,
        118
      ],
      "dQ": [
        null,
        5388,
        971,
        null
      ],
      "visQ": 88
    },
    {
      "t": 22.4,
      "aQ": [
        283,
        null,
        65,
        null,
        292,
        32,
        132,
        117
      ],
      "dQ": [
        null,
        5292,
        969,
        null
      ],
      "visQ": 88
    },
    {
      "t": 22.5,
      "aQ": [
        283,
        null,
        65,
        null,
        292,
        33,
        132,
        117
      ],
      "dQ": [
        null,
        5243,
        969,
        null
      ],
      "visQ": 88
    },
    {
      "t": 22.6,
      "aQ": [
        283,
        null,
        65,
        null,
        292,
        33,
        132,
        117
      ],
      "dQ": [
        null,
        5225,
        969,
        null
      ],
      "visQ": 88
    }
  ]
}