{
  "v": 1,
  "exercise": "mountain_climbers",
  "fps": 10,
  "maxSec": 60,
  "modelComplexity": 1,
  "minDetectionConfidence": 0.8,
  "minTrackingConfidence": 0.8,
  "angles_scale": 100,
  "dists_scale": 1000,
  "frames": [
    {
      "t": 0.1,
      "aQ": [
        304,
        null,
        141,
        null,
        84,
        304,
        135,
        252
      ],
      "dQ": [
        null,
        6915,
        12483,
        null
      ],
      "visQ": 94
    },
    {
      "t": 0.2,
      "aQ": [
        305,
        null,
        137,
        null,
        92,
        303,
        138,
        258
      ],
      "dQ": [
        null,
        7426,
        13123,
        null
      ],
      "visQ": 94
    },
    {
      "t": 0.3,
      "aQ": [
        305,
        null,
        132,
        null,
        93,
        304,
        141,
        264
      ],
      "dQ": [
        null,
        7605,
        13120,
        null
      ],
      "visQ": 94
    },
    {
      "t": 0.4,
      "aQ": [
        305,
        null,
        132,
        null,
        92,
        306,
        142,
        267
      ],
      "dQ": [
        null,
        7422,
        12682,
        null
      ],
      "visQ": 94
    },
    {
      "t": 0.5,
      "aQ": [
        305,
        null,
        133,
        null,
        95,
        306,
        140,
        265
      ],
      "dQ": [
        null,
        7193,
        12291,
        null
      ],
      "visQ": 94
    },
    {
      "t": 0.6,
      "aQ": [
        305,
        null,
        134,
        null,
        96,
        306,
        140,
        264
      ],
      "dQ": [
        null,
        7095,
        12177,
        null
      ],
      "visQ": 94
    },
    {
      "t": 0.7,
      "aQ": [
        305,
        null,
        135,
        null,
        96,
        306,
        140,
        263
      ],
      "dQ": [
        null,
        6882,
        11954,
        null
      ],
      "visQ": 94
    },
    {
      "t": 0.8,
      "aQ": [
        305,
        null,
        135,
        null,
        91,
        306,
        140,
        263
      ],
      "dQ": [
        null,
        6605,
        11421,
        null
      ],
      "visQ": 94
    },
    {
      "t": 0.9,
      "aQ": [
        305,
        null,
        136,
        null,
        92,
        306,
        140,
        263
      ],
      "dQ": [
        null,
        6291,
        10908,
        null
      ],
      "visQ": 94
    },
    {
      "t": 1,
      "aQ": [
        305,
        null,
        136,
        null,
        91,
        306,
        139,
        263
      ],
      "dQ": [
        null,
        6169,
        10702,
        null
      ],
      "visQ": 94
    },
    {
      "t": 1.1,
      "aQ": [
        305,
        null,
        136,
        null,
        91,
        306,
        140,
        263
      ],
      "dQ": [
        null,
        6152,
        10677,
        null
      ],
      "visQ": 94
    },
    {
      "t": 1.2,
      "aQ": [
        306,
        null,
        136,
        null,
        91,
        307,
        140,
        264
      ],
      "dQ": [
        null,
        6222,
        10793,
        null
      ],
      "visQ": 94
    },
    {
      "t": 1.3,
      "aQ": [
        306,
        null,
        136,
        null,
        90,
        307,
        141,
        263
      ],
      "dQ": [
        null,
        6384,
        11121,
        null
      ],
      "visQ": 94
    },
    {
      "t": 1.4,
      "aQ": [
        306,
        null,
        136,
        null,
        89,
        307,
        142,
        263
      ],
      "dQ": [
        null,
        6539,
        11413,
        null
      ],
      "visQ": 94
    },
    {
      "t": 1.5,
      "aQ": [
        306,
        null,
        137,
        null,
        91,
        306,
        141,
        261
      ],
      "dQ": [
        null,
        6431,
        11290,
        null
      ],
      "visQ": 94
    },
    {
      "t": 1.6,
      "aQ": [
        305,
        null,
        135,
        null,
        94,
        306,
        143,
        261
      ],
      "dQ": [
        null,
        6318,
        11162,
        null
      ],
      "visQ": 94
    },
    {
      "t": 1.7,
      "aQ": [
        305,
        null,
        134,
        null,
        93,
        305,
        144,
        262
      ],
      "dQ": [
        null,
        6118,
        10750,
        null
      ],
      "visQ": 94
    },
    {
      "t": 1.8,
      "aQ": [
        305,
        null,
        133,
        null,
        92,
        305,
        144,
        262
      ],
      "dQ": [
        null,
        6527,
        11440,
        null
      ],
      "visQ": 93
    },
    {
      "t": 1.9,
      "aQ": [
        304,
        null,
        132,
        null,
        92,
        305,
        145,
        262
      ],
      "dQ": [
        null,
        6838,
        12020,
        null
      ],
      "visQ": 93
    },
    {
      "t": 2,
      "aQ": [
        304,
        null,
        130,
        null,
        90,
        305,
        146,
        263
      ],
      "dQ": [
        null,
        6884,
        11953,
        null
      ],
      "visQ": 93
    },
    {
      "t": 2.1,
      "aQ": [
        304,
        null,
        128,
        null,
        91,
        306,
        149,
        264
      ],
      "dQ": [
        null,
        6593,
        11336,
        null
      ],
      "visQ": 93
    },
    {
      "t": 2.2,
      "aQ": [
        303,
        null,
        123,
        null,
        91,
        306,
        154,
        268
      ],
      "dQ": [
        null,
        6133,
        10255,
        null
      ],
      "visQ": 94
    },
    {
      "t": 2.3,
      "aQ": [
        303,
        null,
        123,
        null,
        90,
        307,
        154,
        271
      ],
      "dQ": [
        null,
        6136,
        10260,
        null
      ],
      "visQ": 94
    },
    {
      "t": 2.4,
      "aQ": [
        304,
        null,
        119,
        null,
        86,
        307,
        160,
        283
      ],
      "dQ": [
        null,
        6346,
        10483,
        null
      ],
      "visQ": 94
    },
    {
      "t": 2.5,
      "aQ": [
        305,
        null,
        117,
        null,
        88,
        300,
        162,
        285
      ],
      "dQ": [
        null,
        6665,
        10667,
        null
      ],
      "visQ": 94
    },
    {
      "t": 2.6,
      "aQ": [
        305,
        null,
        114,
        null,
        84,
        302,
        166,
        288
      ],
      "dQ": [
        null,
        6833,
        10818,
        null
      ],
      "visQ": 94
    },
    {
      "t": 2.7,
      "aQ": [
        304,
        null,
        112,
        null,
        81,
        305,
        168,
        292
      ],
      "dQ": [
        null,
        6421,
        9905,
        null
      ],
      "visQ": 94
    },
    {
      "t": 2.8,
      "aQ": [
        304,
        null,
        113,
        null,
        79,
        305,
        169,
        293
      ],
      "dQ": [
        null,
        6342,
        9772,
        null
      ],
      "visQ": 94
    },
    {
      "t": 2.9,
      "aQ": [
        304,
        null,
        111,
        null,
        78,
        305,
        170,
        293
      ],
      "dQ": [
        null,
        6857,
        10561,
        null
      ],
      "visQ": 94
    },
    {
      "t": 3,
      "aQ": [
        303,
        null,
        110,
        null,
        76,
        304,
        172,
        293
      ],
      "dQ": [
        null,
        7574,
        11696,
        null
      ],
      "visQ": 94
    },
    {
      "t": 3.1,
      "aQ": [
        303,
        null,
        110,
        null,
        76,
        304,
        172,
        293
      ],
      "dQ": [
        null,
        7712,
        11920,
        null
      ],
      "visQ": 94
    },
    {
      "t": 3.2,
      "aQ": [
        303,
        null,
        110,
        null,
        75,
        304,
        172,
        294
      ],
      "dQ": [
        null,
        7190,
        11110,
        null
      ],
      "visQ": 94
    },
    {
      "t": 3.3,
      "aQ": [
        303,
        null,
        110,
        null,
        75,
        304,
        172,
        295
      ],
      "dQ": [
        null,
        6922,
        10691,
        null
      ],
      "visQ": 94
    },
    {
      "t": 3.4,
      "aQ": [
        303,
        null,
        110,
        null,
        76,
        304,
        172,
        290
      ],
      "dQ": [
        null,
        7708,
        12027,
        null
      ],
      "visQ": 94
    },
    {
      "t": 3.5,
      "aQ": [
        303,
        null,
        111,
        null,
        77,
        304,
        171,
        289
      ],
      "dQ": [
        null,
        7229,
        11251,
        null
      ],
      "visQ": 94
    },
    {
      "t": 3.6,
      "aQ": [
        302,
        null,
        111,
        null,
        77,
        303,
        172,
        290
      ],
      "dQ": [
        null,
        6727,
        10415,
        null
      ],
      "visQ": 94
    },
    {
      "t": 3.7,
      "aQ": [
        302,
        null,
        110,
        null,
        78,
        303,
        172,
        290
      ],
      "dQ": [
        2086,
        6415,
        9998,
        9144
      ],
      "visQ": 94
    },
    {
      "t": 3.8,
      "aQ": [
        302,
        null,
        111,
        null,
        78,
        303,
        172,
        289
      ],
      "dQ": [
        2207,
        6775,
        10578,
        9658
      ],
      "visQ": 94
    },
    {
      "t": 3.9,
      "aQ": [
        301,
        null,
        110,
        null,
        79,
        303,
        172,
        289
      ],
      "dQ": [
        2237,
        6876,
        10749,
        9823
      ],
      "visQ": 94
    },
    {
      "t": 4,
      "aQ": [
        301,
        null,
        111,
        null,
        79,
        303,
        171,
        288
      ],
      "dQ": [
        2216,
        6807,
        10675,
        9752
      ],
      "visQ": 94
    },
    {
      "t": 4.1,
      "aQ": [
        301,
        null,
        113,
        null,
        80,
        301,
        170,
        286
      ],
      "dQ": [
        2314,
        7061,
        11316,
        10253
      ],
      "visQ": 94
    },
    {
      "t": 4.2,
      "aQ": [
        301,
        null,
        117,
        null,
        79,
        300,
        170,
        278
      ],
      "dQ": [
        2076,
        6320,
        10817,
        10029
      ],
      "visQ": 94
    },
    {
      "t": 4.3,
      "aQ": [
        301,
        null,
        123,
        null,
        86,
        291,
        176,
        266
      ],
      "dQ": [
        2670,
        7028,
        15126,
        13944
      ],
      "visQ": 94
    },
    {
      "t": 4.4,
      "aQ": [
        301,
        null,
        127,
        null,
        96,
        289,
        189,
        252
      ],
      "dQ": [
        2638,
        5251,
        15339,
        14420
      ],
      "visQ": 94
    },
    {
      "t": 4.5,
      "aQ": [
        301,
        null,
        131,
        null,
        123,
        292,
        203,
        246
      ],
      "dQ": [
        2823,
        2054,
        16211,
        15115
      ],
      "visQ": 94
    },
    {
      "t": 4.6,
      "aQ": [
        300,
        null,
        136,
        null,
        170,
        257,
        218,
        240
      ],
      "dQ": [
        2288,
        641,
        12038,
        10953
      ],
      "visQ": 93
    },
    {
      "t": 4.7,
      "aQ": [
        301,
        null,
        135,
        null,
        240,
        243,
        243,
        252
      ],
      "dQ": [
        2840,
        1727,
        15165,
        12937
      ],
      "visQ": 91
    },
    {
      "t": 4.8,
      "aQ": [
        301,
        null,
        137,
        null,
        272,
        262,
        252,
        262
      ],
      "dQ": [
        3405,
        2187,
        18253,
        14968
      ],
      "visQ": 90
    },
    {
      "t": 4.9,
      "aQ": [
        299,
        null,
        138,
        null,
        273,
        271,
        250,
        266
      ],
      "dQ": [
        3470,
        1989,
        18419,
        14937
      ],
      "visQ": 89
    },
    {
      "t": 5,
      "aQ": [
        300,
        null,
        140,
        null,
        272,
        272,
        250,
        264
      ],
      "dQ": [
        3102,
        1689,
        15729,
        12790
      ],
      "visQ": 88
    },
    {
      "t": 5.1,
      "aQ": [
        300,
        null,
        139,
        null,
        271,
        274,
        250,
        265
      ],
      "dQ": [
        null,
        1557,
        15761,
        null
      ],
      "visQ": 87
    },
    {
      "t": 5.2,
      "aQ": [
        300,
        null,
        137,
        null,
        278,
        285,
        256,
        265
      ],
      "dQ": [
        3607,
        1763,
        19082,
        16044
      ],
      "visQ": 86
    },
    {
      "t": 5.3,
      "aQ": [
        300,
        null,
        135,
        null,
        283,
        null,
        258,
        null
      ],
      "dQ": [
        3454,
        1637,
        18822,
        15976
      ],
      "visQ": 86
    },
    {
      "t": 5.4,
      "aQ": [
        300,
        null,
        134,
        null,
        280,
        null,
        257,
        null
      ],
      "dQ": [
        3221,
        1444,
        17673,
        15120
      ],
      "visQ": 85
    },
    {
      "t": 5.5,
      "aQ": [
        300,
        null,
        132,
        null,
        272,
        null,
        255,
        null
      ],
      "dQ": [
        3821,
        1417,
        21112,
        17660
      ],
      "visQ": 84
    },
    {
      "t": 5.6,
      "aQ": [
        300,
        null,
        135,
        null,
        261,
        null,
        243,
        null
      ],
      "dQ": [
        3600,
        1428,
        20691,
        16859
      ],
      "visQ": 84
    },
    {
      "t": 5.7,
      "aQ": [
        300,
        null,
        136,
        null,
        258,
        null,
        241,
        null
      ],
      "dQ": [
        3751,
        1528,
        21738,
        17551
      ],
      "visQ": 83
    },
    {
      "t": 5.8,
      "aQ": [
        300,
        null,
        142,
        null,
        274,
        null,
        235,
        null
      ],
      "dQ": [
        3985,
        6126,
        23268,
        17747
      ],
      "visQ": 84
    },
    {
      "t": 5.9,
      "aQ": [
        299,
        null,
        148,
        null,
        277,
        null,
        229,
        null
      ],
      "dQ": [
        3622,
        5895,
        20889,
        15623
      ],
      "visQ": 85
    },
    {
      "t": 6,
      "aQ": [
        299,
        null,
        153,
        null,
        282,
        null,
        224,
        null
      ],
      "dQ": [
        3632,
        7651,
        21603,
        16079
      ],
      "visQ": 85
    },
    {
      "t": 6.1,
      "aQ": [
        303,
        null,
        153,
        null,
        284,
        111,
        226,
        176
      ],
      "dQ": [
        3304,
        7736,
        18777,
        13866
      ],
      "visQ": 86
    },
    {
      "t": 6.2,
      "aQ": [
        302,
        null,
        150,
        null,
        284,
        93,
        230,
        172
      ],
      "dQ": [
        null,
        9342,
        19474,
        null
      ],
      "visQ": 86
    },
    {
      "t": 6.3,
      "aQ": [
        304,
        null,
        148,
        null,
        286,
        90,
        234,
        165
      ],
      "dQ": [
        null,
        10899,
        21541,
        null
      ],
      "visQ": 86
    },
    {
      "t": 6.4,
      "aQ": [
        304,
        null,
        148,
        null,
        286,
        90,
        234,
        162
      ],
      "dQ": [
        null,
        13278,
        25350,
        null
      ],
      "visQ": 86
    },
    {
      "t": 6.5,
      "aQ": [
        305,
        null,
        147,
        null,
        288,
        92,
        235,
        159
      ],
      "dQ": [
        null,
        10805,
        20281,
        null
      ],
      "visQ": 87
    },
    {
      "t": 6.6,
      "aQ": [
        306,
        null,
        148,
        null,
        289,
        94,
        237,
        154
      ],
      "dQ": [
        null,
        11068,
        20472,
        null
      ],
      "visQ": 87
    },
    {
      "t": 6.7,
      "aQ": [
        306,
        null,
        145,
        null,
        294,
        97,
        243,
        152
      ],
      "dQ": [
        null,
        9157,
        16514,
        null
      ],
      "visQ": 87
    },
    {
      "t": 6.8,
      "aQ": [
        305,
        null,
        140,
        null,
        296,
        99,
        251,
        155
      ],
      "dQ": [
        null,
        7688,
        13238,
        null
      ],
      "visQ": 87
    },
    {
      "t": 6.9,
      "aQ": [
        305,
        null,
        135,
        null,
        295,
        97,
        257,
        161
      ],
      "dQ": [
        null,
        9073,
        15283,
        null
      ],
      "visQ": 87
    },
    {
      "t": 7,
      "aQ": [
        306,
        null,
        130,
        null,
        296,
        98,
        265,
        164
      ],
      "dQ": [
        null,
        10538,
        17776,
        null
      ],
      "visQ": 87
    },
    {
      "t": 7.1,
      "aQ": [
        305,
        null,
        127,
        null,
        297,
        95,
        270,
        167
      ],
      "dQ": [
        null,
        10288,
        17452,
        null
      ],
      "visQ": 87
    },
    {
      "t": 7.2,
      "aQ": [
        305,
        null,
        125,
        null,
        299,
        95,
        274,
        169
      ],
      "dQ": [
        null,
        10715,
        18156,
        null
      ],
      "visQ": 87
    },
    {
      "t": 7.3,
      "aQ": [
        305,
        null,
        123,
        null,
        302,
        94,
        278,
        172
      ],
      "dQ": [
        null,
        11446,
        19258,
        null
      ],
      "visQ": 88
    },
    {
      "t": 7.4,
      "aQ": [
        304,
        null,
        122,
        null,
        303,
        94,
        280,
        173
      ],
      "dQ": [
        null,
        11086,
        18535,
        null
      ],
      "visQ": 88
    },
    {
      "t": 7.5,
      "aQ": [
        304,
        null,
        119,
        null,
        304,
        93,
        284,
        174
      ],
      "dQ": [
        null,
        10547,
        17479,
        null
      ],
      "visQ": 88
    },
    {
      "t": 7.6,
      "aQ": [
        304,
        null,
        119,
        null,
        304,
        93,
        285,
        174
      ],
      "dQ": [
        null,
        10752,
        17830,
        null
      ],
      "visQ": 88
    },
    {
      "t": 7.7,
      "aQ": [
        304,
        null,
        117,
        null,
        301,
        93,
        285,
        176
      ],
      "dQ": [
        null,
        10519,
        17477,
        null
      ],
      "visQ": 88
    },
    {
      "t": 7.8,
      "aQ": [
        304,
        null,
        120,
        null,
        303,
        94,
        284,
        175
      ],
      "dQ": [
        null,
        9655,
        16146,
        null
      ],
      "visQ": 88
    },
    {
      "t": 7.9,
      "aQ": [
        304,
        null,
        123,
        null,
        301,
        96,
        278,
        172
      ],
      "dQ": [
        null,
        9235,
        15301,
        null
      ],
      "visQ": 89
    },
    {
      "t": 8,
      "aQ": [
        303,
        null,
        126,
        null,
        296,
        98,
        269,
        182
      ],
      "dQ": [
        null,
        8446,
        15812,
        null
      ],
      "visQ": 89
    },
    {
      "t": 8.1,
      "aQ": [
        303,
        null,
        129,
        null,
        287,
        110,
        260,
        203
      ],
      "dQ": [
        null,
        7830,
        19564,
        null
      ],
      "visQ": 89
    },
    {
      "t": 8.2,
      "aQ": [
        303,
        null,
        134,
        null,
        283,
        115,
        251,
        222
      ],
      "dQ": [
        null,
        6672,
        19499,
        null
      ],
      "visQ": 89
    },
    {
      "t": 8.3,
      "aQ": [
        303,
        null,
        133,
        null,
        280,
        183,
        251,
        252
      ],
      "dQ": [
        null,
        6015,
        27505,
        null
      ],
      "visQ": 88
    },
    {
      "t": 8.4,
      "aQ": [
        304,
        null,
        132,
        null,
        279,
        259,
        254,
        267
      ],
      "dQ": [
        null,
        2758,
        24375,
        null
      ],
      "visQ": 87
    },
    {
      "t": 8.5,
      "aQ": [
        305,
        null,
        129,
        null,
        289,
        293,
        265,
        279
      ],
      "dQ": [
        3178,
        1322,
        19462,
        15865
      ],
      "visQ": 86
    },
    {
      "t": 8.6,
      "aQ": [
        305,
        null,
        131,
        null,
        289,
        292,
        265,
        275
      ],
      "dQ": [
        3252,
        1367,
        20245,
        16729
      ],
      "visQ": 86
    },
    {
      "t": 8.7,
      "aQ": [
        305,
        null,
        135,
        null,
        289,
        null,
        260,
        null
      ],
      "dQ": [
        3493,
        1495,
        20715,
        17187
      ],
      "visQ": 85
    },
    {
      "t": 8.8,
      "aQ": [
        306,
        null,
        136,
        null,
        286,
        null,
        259,
        null
      ],
      "dQ": [
        3371,
        1372,
        19412,
        16048
      ],
      "visQ": 84
    },
    {
      "t": 8.9,
      "aQ": [
        306,
        null,
        135,
        null,
        278,
        null,
        257,
        null
      ],
      "dQ": [
        2932,
        1148,
        17230,
        14646
      ],
      "visQ": 84
    },
    {
      "t": 9,
      "aQ": [
        306,
        null,
        133,
        null,
        260,
        null,
        252,
        null
      ],
      "dQ": [
        3084,
        1079,
        18255,
        15489
      ],
      "visQ": 84
    },
    {
      "t": 9.1,
      "aQ": [
        306,
        null,
        133,
        null,
        236,
        null,
        242,
        null
      ],
      "dQ": [
        3270,
        944,
        19396,
        16368
      ],
      "visQ": 84
    },
    {
      "t": 9.2,
      "aQ": [
        306,
        null,
        134,
        null,
        171,
        null,
        216,
        null
      ],
      "dQ": [
        2465,
        701,
        13575,
        12122
      ],
      "visQ": 84
    },
    {
      "t": 9.3,
      "aQ": [
        302,
        null,
        133,
        null,
        167,
        null,
        215,
        null
      ],
      "dQ": [
        2065,
        690,
        11075,
        9984
      ],
      "visQ": 84
    },
    {
      "t": 9.4,
      "aQ": [
        301,
        null,
        145,
        null,
        110,
        null,
        163,
        null
      ],
      "dQ": [
        1915,
        3553,
        10781,
        9677
      ],
      "visQ": 85
    },
    {
      "t": 9.5,
      "aQ": [
        300,
        null,
        148,
        null,
        95,
        null,
        140,
        null
      ],
      "dQ": [
        1894,
        4608,
        9837,
        8686
      ],
      "visQ": 86
    },
    {
      "t": 9.6,
      "aQ": [
        301,
        null,
        148,
        null,
        94,
        271,
        126,
        237
      ],
      "dQ": [
        1766,
        4945,
        9033,
        7972
      ],
      "visQ": 87
    },
    {
      "t": 9.7,
      "aQ": [
        303,
        null,
        140,
        null,
        85,
        276,
        136,
        248
      ],
      "dQ": [
        1929,
        5328,
        9373,
        8209
      ],
      "visQ": 87
    },
    {
      "t": 9.8,
      "aQ": [
        302,
        null,
        141,
        null,
        79,
        273,
        148,
        250
      ],
      "dQ": [
        1771,
        4269,
        8386,
        7338
      ],
      "visQ": 88
    },
    {
      "t": 9.9,
      "aQ": [
        300,
        null,
        143,
        null,
        117,
        272,
        168,
        239
      ],
      "dQ": [
        1646,
        2393,
        8161,
        7314
      ],
      "visQ": 88
    },
    {
      "t": 10,
      "aQ": [
        301,
        null,
        156,
        null,
        186,
        210,
        183,
        203
      ],
      "dQ": [
        1849,
        385,
        10278,
        8687
      ],
      "visQ": 88
    },
    {
      "t": 10.1,
      "aQ": [
        303,
        null,
        154,
        null,
        238,
        144,
        203,
        199
      ],
      "dQ": [
        2326,
        3462,
        13256,
        10239
      ],
      "visQ": 88
    },
    {
      "t": 10.2,
      "aQ": [
        304,
        null,
        153,
        null,
        241,
        137,
        205,
        202
      ],
      "dQ": [
        2418,
        3764,
        13795,
        10517
      ],
      "visQ": 88
    },
    {
      "t": 10.3,
      "aQ": [
        306,
        null,
        136,
        null,
        252,
        129,
        235,
        150
      ],
      "dQ": [
        null,
        9554,
        17824,
        null
      ],
      "visQ": 88
    },
    {
      "t": 10.4,
      "aQ": [
        307,
        null,
        133,
        null,
        243,
        137,
        235,
        162
      ],
      "dQ": [
        null,
        11325,
        21344,
        null
      ],
      "visQ": 88
    },
    {
      "t": 10.5,
      "aQ": [
        302,
        null,
        128,
        null,
        228,
        107,
        232,
        176
      ],
      "dQ": [
        null,
        11666,
        22919,
        null
      ],
      "visQ": 88
    },
    {
      "t": 10.6,
      "aQ": [
        300,
        null,
        132,
        null,
        237,
        112,
        228,
        198
      ],
      "dQ": [
        null,
        7717,
        20104,
        null
      ],
      "visQ": 88
    },
    {
      "t": 10.7,
      "aQ": [
        300,
        null,
        131,
        null,
        238,
        102,
        228,
        199
      ],
      "dQ": [
        null,
        7265,
        18546,
        null
      ],
      "visQ": 88
    },
    {
      "t": 10.8,
      "aQ": [
        300,
        null,
        139,
        null,
        182,
        254,
        198,
        227
      ],
      "dQ": [
        1867,
        609,
        11282,
        10159
      ],
      "visQ": 88
    },
    {
      "t": 10.9,
      "aQ": [
        308,
        null,
        144,
        null,
        97,
        263,
        168,
        229
      ],
      "dQ": [
        2531,
        5288,
        15081,
        13688
      ],
      "visQ": 89
    },
    {
      "t": 11,
      "aQ": [
        300,
        null,
        145,
        null,
        68,
        267,
        137,
        242
      ],
      "dQ": [
        null,
        5793,
        10176,
        null
      ],
      "visQ": 89
    },
    {
      "t": 11.1,
      "aQ": [
        300,
        null,
        140,
        null,
        88,
        264,
        145,
        249
      ],
      "dQ": [
        null,
        4876,
        8749,
        null
      ],
      "visQ": 90
    },
    {
      "t": 11.2,
      "aQ": [
        301,
        null,
        139,
        null,
        91,
        266,
        170,
        253
      ],
      "dQ": [
        null,
        3315,
        8021,
        null
      ],
      "visQ": 90
    },
    {
      "t": 11.3,
      "aQ": [
        301,
        null,
        138,
        null,
        125,
        237,
        193,
        234
      ],
      "dQ": [
        null,
        1352,
        8420,
        null
      ],
      "visQ": 90
    },
    {
      "t": 11.4,
      "aQ": [
        301,
        null,
        144,
        null,
        207,
        212,
        207,
        222
      ],
      "dQ": [
        null,
        906,
        11882,
        null
      ],
      "visQ": 89
    },
    {
      "t": 11.5,
      "aQ": [
        302,
        null,
        142,
        null,
        253,
        128,
        228,
        192
      ],
      "dQ": [
        null,
        6650,
        20060,
        null
      ],
      "visQ": 89
    },
    {
      "t": 11.6,
      "aQ": [
        304,
        null,
        144,
        null,
        261,
        130,
        234,
        160
      ],
      "dQ": [
        null,
        7781,
        15465,
        null
      ],
      "visQ": 89
    },
    {
      "t": 11.7,
      "aQ": [
        304,
        null,
        142,
        null,
        226,
        138,
        227,
        162
      ],
      "dQ": [
        null,
        7904,
        15879,
        null
      ],
      "visQ": 89
    },
    {
      "t": 11.8,
      "aQ": [
        304,
        null,
        140,
        null,
        237,
        91,
        227,
        188
      ],
      "dQ": [
        null,
        12530,
        28722,
        null
      ],
      "visQ": 89
    },
    {
      "t": 11.9,
      "aQ": [
        303,
        null,
        152,
        null,
        200,
        137,
        192,
        205
      ],
      "dQ": [
        null,
        3532,
        13838,
        null
      ],
      "visQ": 89
    },
    {
      "t": 12,
      "aQ": [
        302,
        null,
        145,
        null,
        137,
        234,
        176,
        222
      ],
      "dQ": [
        null,
        1998,
        12618,
        null
      ],
      "visQ": 89
    },
    {
      "t": 12.1,
      "aQ": [
        300,
        null,
        134,
        null,
        91,
        266,
        160,
        253
      ],
      "dQ": [
        null,
        5214,
        11928,
        null
      ],
      "visQ": 90
    },
    {
      "t": 12.2,
      "aQ": [
        301,
        null,
        135,
        null,
        79,
        259,
        145,
        255
      ],
      "dQ": [
        null,
        4693,
        8150,
        null
      ],
      "visQ": 90
    },
    {
      "t": 12.3,
      "aQ": [
        300,
        null,
        138,
        null,
        76,
        264,
        151,
        247
      ],
      "dQ": [
        null,
        4578,
        9339,
        null
      ],
      "visQ": 90
    },
    {
      "t": 12.4,
      "aQ": [
        299,
        null,
        144,
        null,
        92,
        257,
        166,
        235
      ],
      "dQ": [
        null,
        3129,
        9313,
        null
      ],
      "visQ": 90
    },
    {
      "t": 12.5,
      "aQ": [
        301,
        null,
        146,
        null,
        164,
        191,
        191,
        204
      ],
      "dQ": [
        null,
        234,
        11981,
        null
      ],
      "visQ": 90
    },
    {
      "t": 12.6,
      "aQ": [
        302,
        null,
        141,
        null,
        232,
        115,
        218,
        197
      ],
      "dQ": [
        null,
        4533,
        14880,
        null
      ],
      "visQ": 90
    },
    {
      "t": 12.7,
      "aQ": [
        306,
        null,
        129,
        null,
        261,
        125,
        254,
        170
      ],
      "dQ": [
        null,
        11953,
        21625,
        null
      ],
      "visQ": 90
    },
    {
      "t": 12.8,
      "aQ": [
        307,
        null,
        126,
        null,
        252,
        139,
        254,
        164
      ],
      "dQ": [
        null,
        11046,
        19074,
        null
      ],
      "visQ": 90
    },
    {
      "t": 12.9,
      "aQ": [
        303,
        null,
        129,
        null,
        252,
        107,
        244,
        178
      ],
      "dQ": [
        null,
        24175,
        44448,
        null
      ],
      "visQ": 90
    },
    {
      "t": 13,
      "aQ": [
        301,
        null,
        136,
        null,
        218,
        153,
        214,
        208
      ],
      "dQ": [
        null,
        3524,
        17357,
        null
      ],
      "visQ": 90
    },
    {
      "t": 13.1,
      "aQ": [
        302,
        null,
        135,
        null,
        138,
        222,
        186,
        224
      ],
      "dQ": [
        null,
        1729,
        13685,
        null
      ],
      "visQ": 90
    },
    {
      "t": 13.2,
      "aQ": [
        302,
        null,
        127,
        null,
        88,
        253,
        161,
        252
      ],
      "dQ": [
        null,
        5357,
        10602,
        null
      ],
      "visQ": 90
    },
    {
      "t": 13.3,
      "aQ": [
        304,
        null,
        139,
        null,
        97,
        256,
        132,
        249
      ],
      "dQ": [
        null,
        6736,
        11147,
        null
      ],
      "visQ": 90
    },
    {
      "t": 13.4,
      "aQ": [
        300,
        null,
        141,
        null,
        83,
        271,
        137,
        244
      ],
      "dQ": [
        null,
        6391,
        11563,
        null
      ],
      "visQ": 91
    },
    {
      "t": 13.5,
      "aQ": [
        302,
        null,
        142,
        null,
        97,
        272,
        176,
        243
      ],
      "dQ": [
        null,
        2821,
        7966,
        null
      ],
      "visQ": 91
    },
    {
      "t": 13.6,
      "aQ": [
        302,
        null,
        145,
        null,
        177,
        203,
        200,
        213
      ],
      "dQ": [
        null,
        188,
        9524,
        null
      ],
      "visQ": 90
    },
    {
      "t": 13.7,
      "aQ": [
        301,
        null,
        144,
        null,
        236,
        136,
        223,
        196
      ],
      "dQ": [
        null,
        3919,
        12404,
        null
      ],
      "visQ": 90
    },
    {
      "t": 13.8,
      "aQ": [
        304,
        null,
        148,
        null,
        246,
        121,
        230,
        155
      ],
      "dQ": [
        null,
        10381,
        19975,
        null
      ],
      "visQ": 90
    },
    {
      "t": 13.9,
      "aQ": [
        304,
        null,
        148,
        null,
        238,
        136,
        225,
        149
      ],
      "dQ": [
        null,
        8742,
        17765,
        null
      ],
      "visQ": 90
    },
    {
      "t": 14,
      "aQ": [
        305,
        null,
        153,
        null,
        241,
        116,
        215,
        176
      ],
      "dQ": [
        null,
        6171,
        15678,
        null
      ],
      "visQ": 89
    },
    {
      "t": 14.1,
      "aQ": [
        305,
        null,
        155,
        null,
        202,
        117,
        193,
        191
      ],
      "dQ": [
        null,
        3949,
        13539,
        null
      ],
      "visQ": 89
    },
    {
      "t": 14.2,
      "aQ": [
        304,
        null,
        140,
        null,
        128,
        240,
        178,
        224
      ],
      "dQ": [
        null,
        1805,
        9566,
        null
      ],
      "visQ": 89
    },
    {
      "t": 14.3,
      "aQ": [
        301,
        null,
        136,
        null,
        91,
        268,
        154,
        251
      ],
      "dQ": [
        null,
        4084,
        7709,
        null
      ],
      "visQ": 90
    },
    {
      "t": 14.4,
      "aQ": [
        304,
        null,
        142,
        null,
        100,
        264,
        130,
        252
      ],
      "dQ": [
        null,
        6560,
        10671,
        null
      ],
      "visQ": 90
    },
    {
      "t": 14.5,
      "aQ": [
        303,
        null,
        147,
        null,
        85,
        274,
        139,
        245
      ],
      "dQ": [
        null,
        4109,
        7605,
        null
      ],
      "visQ": 90
    },
    {
      "t": 14.6,
      "aQ": [
        301,
        null,
        150,
        null,
        114,
        270,
        168,
        233
      ],
      "dQ": [
        null,
        2741,
        9378,
        null
      ],
      "visQ": 91
    },
    {
      "t": 14.7,
      "aQ": [
        306,
        null,
        155,
        null,
        192,
        208,
        192,
        201
      ],
      "dQ": [
        null,
        559,
        10176,
        null
      ],
      "visQ": 90
    },
    {
      "t": 14.8,
      "aQ": [
        306,
        null,
        157,
        null,
        229,
        142,
        203,
        178
      ],
      "dQ": [
        null,
        3762,
        13868,
        null
      ],
      "visQ": 90
    },
    {
      "t": 14.9,
      "aQ": [
        308,
        null,
        161,
        null,
        221,
        125,
        201,
        141
      ],
      "dQ": [
        null,
        10892,
        24999,
        null
      ],
      "visQ": 89
    },
    {
      "t": 15,
      "aQ": [
        309,
        null,
        161,
        null,
        220,
        135,
        198,
        150
      ],
      "dQ": [
        null,
        8201,
        20658,
        null
      ],
      "visQ": 89
    },
    {
      "t": 15.1,
      "aQ": [
        304,
        null,
        157,
        null,
        239,
        95,
        202,
        183
      ],
      "dQ": [
        null,
        6817,
        15887,
        null
      ],
      "visQ": 88
    },
    {
      "t": 15.2,
      "aQ": [
        304,
        null,
        155,
        null,
        184,
        183,
        183,
        194
      ],
      "dQ": [
        null,
        817,
        12625,
        null
      ],
      "visQ": 88
    },
    {
      "t": 15.3,
      "aQ": [
        306,
        null,
        145,
        null,
        106,
        248,
        161,
        232
      ],
      "dQ": [
        null,
        3476,
        10072,
        null
      ],
      "visQ": 89
    },
    {
      "t": 15.4,
      "aQ": [
        303,
        null,
        145,
        null,
        74,
        269,
        136,
        242
      ],
      "dQ": [
        null,
        5351,
        9447,
        null
      ],
      "visQ": 89
    },
    {
      "t": 15.5,
      "aQ": [
        301,
        null,
        148,
        null,
        90,
        280,
        143,
        241
      ],
      "dQ": [
        null,
        4361,
        9019,
        null
      ],
      "visQ": 89
    },
    {
      "t": 15.6,
      "aQ": [
        303,
        null,
        143,
        null,
        124,
        278,
        184,
        239
      ],
      "dQ": [
        null,
        2368,
        8853,
        null
      ],
      "visQ": 90
    },
    {
      "t": 15.7,
      "aQ": [
        303,
        null,
        154,
        null,
        216,
        220,
        205,
        222
      ],
      "dQ": [
        null,
        641,
        10574,
        null
      ],
      "visQ": 89
    },
    {
      "t": 15.8,
      "aQ": [
        303,
        null,
        155,
        null,
        273,
        133,
        225,
        187
      ],
      "dQ": [
        null,
        4531,
        13596,
        null
      ],
      "visQ": 89
    },
    {
      "t": 15.9,
      "aQ": [
        304,
        null,
        151,
        null,
        277,
        122,
        241,
        154
      ],
      "dQ": [
        null,
        9707,
        17618,
        null
      ],
      "visQ": 89
    },
    {
      "t": 16,
      "aQ": [
        302,
        null,
        152,
        null,
        273,
        133,
        238,
        164
      ],
      "dQ": [
        null,
        7855,
        16234,
        null
      ],
      "visQ": 89
    },
    {
      "t": 16.1,
      "aQ": [
        307,
        null,
        154,
        null,
        263,
        85,
        226,
        196
      ],
      "dQ": [
        null,
        8433,
        19488,
        null
      ],
      "visQ": 89
    },
    {
      "t": 16.2,
      "aQ": [
        305,
        null,
        149,
        null,
        191,
        163,
        203,
        213
      ],
      "dQ": [
        null,
        1659,
        12244,
        null
      ],
      "visQ": 89
    },
    {
      "t": 16.3,
      "aQ": [
        303,
        null,
        142,
        null,
        124,
        263,
        175,
        240
      ],
      "dQ": [
        null,
        2452,
        9107,
        null
      ],
      "visQ": 89
    },
    {
      "t": 16.4,
      "aQ": [
        303,
        null,
        146,
        null,
        79,
        275,
        144,
        251
      ],
      "dQ": [
        null,
        5631,
        10510,
        null
      ],
      "visQ": 90
    },
    {
      "t": 16.5,
      "aQ": [
        302,
        null,
        150,
        null,
        83,
        267,
        137,
        253
      ],
      "dQ": [
        null,
        6466,
        11988,
        null
      ],
      "visQ": 90
    },
    {
      "t": 16.6,
      "aQ": [
        301,
        null,
        147,
        null,
        97,
        264,
        162,
        243
      ],
      "dQ": [
        null,
        3432,
        9089,
        null
      ],
      "visQ": 90
    }
  ]
}