{
  "v": 1,
  "exercise": "pike_pushups",
  "fps": 10,
  "maxSec": 60,
  "modelComplexity": 1,
  "minDetectionConfidence": 0.8,
  "minTrackingConfidence": 0.8,
  "angles_scale": 100,
  "dists_scale": 1000,
  "frames": [
    {
      "t": 0.1,
      "aQ": [
        313,
        271,
        271,
        258,
        null,
        300,
        null,
        65
      ],
      "dQ": [
        1432,
        null,
        5329,
        5768
      ],
      "visQ": 79
    },
    {
      "t": 0.2,
      "aQ": [
        313,
        260,
        267,
        255,
        null,
        297,
        null,
        62
      ],
      "dQ": [
        1282,
        null,
        4800,
        5166
      ],
      "visQ": 79
    },
    {
      "t": 0.3,
      "aQ": [
        312,
        253,
        265,
        250,
        null,
        298,
        null,
        64
      ],
      "dQ": [
        1262,
        null,
        4484,
        4904
      ],
      "visQ": 80
    },
    {
      "t": 0.4,
      "aQ": [
        310,
        230,
        264,
        237,
        null,
        296,
        null,
        66
      ],
      "dQ": [
        1254,
        null,
        4208,
        4654
      ],
      "visQ": 80
    },
    {
      "t": 0.5,
      "aQ": [
        302,
        214,
        259,
        222,
        null,
        300,
        null,
        73
      ],
      "dQ": [
        1395,
        null,
        4239,
        4863
      ],
      "visQ": 79
    },
    {
      "t": 0.6,
      "aQ": [
        291,
        198,
        248,
        212,
        null,
        301,
        null,
        78
      ],
      "dQ": [
        1392,
        null,
        3977,
        4537
      ],
      "visQ": 79
    },
    {
      "t": 0.7,
      "aQ": [
        292,
        186,
        252,
        206,
        null,
        307,
        null,
        83
      ],
      "dQ": [
        1411,
        null,
        4158,
        4634
      ],
      "visQ": 78
    },
    {
      "t": 0.8,
      "aQ": [
        293,
        186,
        249,
        208,
        null,
        310,
        null,
        87
      ],
      "dQ": [
        1345,
        null,
        4075,
        4508
      ],
      "visQ": 78
    },
    {
      "t": 0.9,
      "aQ": [
        289,
        181,
        243,
        207,
        null,
        306,
        null,
        84
      ],
      "dQ": [
        1271,
        null,
        3992,
        4506
      ],
      "visQ": 78
    },
    {
      "t": 1,
      "aQ": [
        298,
        171,
        250,
        202,
        null,
        304,
        null,
        83
      ],
      "dQ": [
        1244,
        null,
        3982,
        4455
      ],
      "visQ": 77
    },
    {
      "t": 1.1,
      "aQ": [
        null,
        172,
        null,
        199,
        null,
        303,
        null,
        83
      ],
      "dQ": [
        1277,
        null,
        4070,
        4554
      ],
      "visQ": 77
    },
    {
      "t": 1.2,
      "aQ": [
        null,
        175,
        null,
        200,
        null,
        301,
        null,
        80
      ],
      "dQ": [
        1310,
        null,
        4180,
        4660
      ],
      "visQ": 77
    },
    {
      "t": 1.3,
      "aQ": [
        null,
        181,
        null,
        203,
        null,
        299,
        null,
        79
      ],
      "dQ": [
        1324,
        null,
        4214,
        4634
      ],
      "visQ": 77
    },
    {
      "t": 1.4,
      "aQ": [
        null,
        194,
        null,
        209,
        null,
        294,
        null,
        75
      ],
      "dQ": [
        1355,
        null,
        4217,
        4679
      ],
      "visQ": 77
    },
    {
      "t": 1.5,
      "aQ": [
        null,
        214,
        null,
        221,
        null,
        295,
        null,
        72
      ],
      "dQ": [
        1369,
        null,
        4292,
        4765
      ],
      "visQ": 78
    },
    {
      "t": 1.6,
      "aQ": [
        null,
        237,
        null,
        235,
        null,
        297,
        null,
        71
      ],
      "dQ": [
        1382,
        null,
        4508,
        5048
      ],
      "visQ": 78
    },
    {
      "t": 1.7,
      "aQ": [
        null,
        258,
        null,
        247,
        null,
        299,
        null,
        69
      ],
      "dQ": [
        1383,
        null,
        4590,
        5083
      ],
      "visQ": 79
    },
    {
      "t": 1.8,
      "aQ": [
        null,
        275,
        null,
        256,
        null,
        300,
        null,
        68
      ],
      "dQ": [
        1403,
        null,
        4890,
        5317
      ],
      "visQ": 79
    },
    {
      "t": 1.9,
      "aQ": [
        314,
        282,
        265,
        258,
        null,
        302,
        null,
        68
      ],
      "dQ": [
        1499,
        null,
        5582,
        5938
      ],
      "visQ": 80
    },
    {
      "t": 2,
      "aQ": [
        311,
        299,
        271,
        274,
        null,
        302,
        null,
        63
      ],
      "dQ": [
        1481,
        null,
        5818,
        6162
      ],
      "visQ": 81
    },
    {
      "t": 2.1,
      "aQ": [
        312,
        301,
        274,
        272,
        null,
        302,
        null,
        63
      ],
      "dQ": [
        1584,
        null,
        6392,
        6734
      ],
      "visQ": 81
    },
    {
      "t": 2.2,
      "aQ": [
        313,
        304,
        277,
        273,
        null,
        303,
        null,
        61
      ],
      "dQ": [
        1616,
        null,
        6563,
        6929
      ],
      "visQ": 81
    },
    {
      "t": 2.3,
      "aQ": [
        314,
        305,
        279,
        274,
        null,
        302,
        null,
        60
      ],
      "dQ": [
        1657,
        null,
        6738,
        7134
      ],
      "visQ": 82
    },
    {
      "t": 2.4,
      "aQ": [
        314,
        305,
        278,
        274,
        null,
        303,
        null,
        60
      ],
      "dQ": [
        1684,
        null,
        6795,
        7252
      ],
      "visQ": 82
    },
    {
      "t": 2.5,
      "aQ": [
        313,
        305,
        277,
        275,
        null,
        302,
        null,
        59
      ],
      "dQ": [
        1627,
        null,
        6534,
        6993
      ],
      "visQ": 82
    },
    {
      "t": 2.6,
      "aQ": [
        313,
        305,
        276,
        275,
        null,
        302,
        null,
        58
      ],
      "dQ": [
        1610,
        null,
        6460,
        6927
      ],
      "visQ": 82
    },
    {
      "t": 2.7,
      "aQ": [
        311,
        304,
        275,
        275,
        null,
        302,
        null,
        58
      ],
      "dQ": [
        1587,
        null,
        6348,
        6812
      ],
      "visQ": 82
    },
    {
      "t": 2.8,
      "aQ": [
        311,
        304,
        274,
        275,
        null,
        302,
        null,
        58
      ],
      "dQ": [
        1577,
        null,
        6302,
        6755
      ],
      "visQ": 82
    },
    {
      "t": 2.9,
      "aQ": [
        311,
        303,
        273,
        275,
        null,
        302,
        null,
        58
      ],
      "dQ": [
        1564,
        null,
        6249,
        6691
      ],
      "visQ": 83
    },
    {
      "t": 3,
      "aQ": [
        311,
        303,
        273,
        274,
        null,
        301,
        null,
        58
      ],
      "dQ": [
        1556,
        null,
        6211,
        6655
      ],
      "visQ": 83
    },
    {
      "t": 3.1,
      "aQ": [
        310,
        302,
        272,
        274,
        null,
        301,
        null,
        58
      ],
      "dQ": [
        1549,
        null,
        6160,
        6604
      ],
      "visQ": 83
    },
    {
      "t": 3.2,
      "aQ": [
        311,
        302,
        271,
        273,
        null,
        300,
        null,
        59
      ],
      "dQ": [
        1542,
        null,
        6104,
        6550
      ],
      "visQ": 83
    },
    {
      "t": 3.3,
      "aQ": [
        311,
        301,
        268,
        272,
        null,
        300,
        null,
        59
      ],
      "dQ": [
        1472,
        null,
        5764,
        6204
      ],
      "visQ": 83
    },
    {
      "t": 3.4,
      "aQ": [
        311,
        293,
        265,
        267,
        null,
        298,
        null,
        61
      ],
      "dQ": [
        1483,
        null,
        5729,
        6220
      ],
      "visQ": 82
    },
    {
      "t": 3.5,
      "aQ": [
        312,
        284,
        264,
        262,
        null,
        296,
        null,
        62
      ],
      "dQ": [
        1437,
        null,
        5451,
        5912
      ],
      "visQ": 82
    },
    {
      "t": 3.6,
      "aQ": [
        312,
        273,
        261,
        254,
        null,
        295,
        null,
        66
      ],
      "dQ": [
        1368,
        null,
        5204,
        5596
      ],
      "visQ": 83
    },
    {
      "t": 3.7,
      "aQ": [
        307,
        259,
        257,
        246,
        null,
        296,
        null,
        69
      ],
      "dQ": [
        1301,
        null,
        4801,
        5254
      ],
      "visQ": 82
    },
    {
      "t": 3.8,
      "aQ": [
        300,
        239,
        252,
        232,
        null,
        291,
        null,
        70
      ],
      "dQ": [
        1291,
        null,
        4498,
        4891
      ],
      "visQ": 82
    },
    {
      "t": 3.9,
      "aQ": [
        294,
        225,
        248,
        222,
        null,
        291,
        null,
        71
      ],
      "dQ": [
        1304,
        null,
        4353,
        4789
      ],
      "visQ": 82
    },
    {
      "t": 4,
      "aQ": [
        281,
        208,
        238,
        205,
        null,
        294,
        null,
        77
      ],
      "dQ": [
        1381,
        null,
        4200,
        4662
      ],
      "visQ": 81
    },
    {
      "t": 4.1,
      "aQ": [
        280,
        199,
        233,
        198,
        null,
        294,
        null,
        80
      ],
      "dQ": [
        1480,
        null,
        4105,
        4746
      ],
      "visQ": 80
    },
    {
      "t": 4.2,
      "aQ": [
        279,
        192,
        232,
        193,
        null,
        300,
        null,
        85
      ],
      "dQ": [
        1588,
        null,
        4178,
        4863
      ],
      "visQ": 79
    },
    {
      "t": 4.3,
      "aQ": [
        null,
        190,
        null,
        194,
        null,
        297,
        null,
        86
      ],
      "dQ": [
        1593,
        null,
        4394,
        5083
      ],
      "visQ": 79
    },
    {
      "t": 4.4,
      "aQ": [
        null,
        188,
        null,
        194,
        null,
        294,
        null,
        85
      ],
      "dQ": [
        1521,
        null,
        4273,
        5054
      ],
      "visQ": 79
    },
    {
      "t": 4.5,
      "aQ": [
        null,
        183,
        null,
        193,
        null,
        293,
        null,
        84
      ],
      "dQ": [
        1482,
        null,
        4199,
        5040
      ],
      "visQ": 78
    },
    {
      "t": 4.6,
      "aQ": [
        null,
        183,
        null,
        195,
        null,
        291,
        null,
        83
      ],
      "dQ": [
        1451,
        null,
        4162,
        5011
      ],
      "visQ": 78
    },
    {
      "t": 4.7,
      "aQ": [
        null,
        178,
        null,
        195,
        null,
        291,
        null,
        81
      ],
      "dQ": [
        null,
        null,
        null,
        4984
      ],
      "visQ": 78
    },
    {
      "t": 4.8,
      "aQ": [
        null,
        187,
        null,
        202,
        null,
        291,
        null,
        79
      ],
      "dQ": [
        null,
        null,
        null,
        4922
      ],
      "visQ": 78
    },
    {
      "t": 4.9,
      "aQ": [
        null,
        198,
        null,
        203,
        null,
        291,
        null,
        77
      ],
      "dQ": [
        null,
        null,
        null,
        4786
      ],
      "visQ": 78
    },
    {
      "t": 5,
      "aQ": [
        null,
        212,
        null,
        211,
        null,
        292,
        null,
        77
      ],
      "dQ": [
        null,
        null,
        null,
        5015
      ],
      "visQ": 78
    },
    {
      "t": 5.1,
      "aQ": [
        null,
        231,
        null,
        225,
        null,
        300,
        null,
        78
      ],
      "dQ": [
        1480,
        null,
        4497,
        5098
      ],
      "visQ": 78
    },
    {
      "t": 5.2,
      "aQ": [
        null,
        249,
        null,
        237,
        null,
        300,
        null,
        73
      ],
      "dQ": [
        1453,
        null,
        4579,
        5066
      ],
      "visQ": 79
    },
    {
      "t": 5.3,
      "aQ": [
        null,
        266,
        null,
        250,
        null,
        301,
        null,
        71
      ],
      "dQ": [
        1410,
        null,
        4892,
        5304
      ],
      "visQ": 79
    },
    {
      "t": 5.4,
      "aQ": [
        null,
        282,
        null,
        260,
        null,
        301,
        null,
        68
      ],
      "dQ": [
        1405,
        null,
        5158,
        5493
      ],
      "visQ": 80
    },
    {
      "t": 5.5,
      "aQ": [
        null,
        293,
        null,
        269,
        null,
        300,
        null,
        64
      ],
      "dQ": [
        1376,
        null,
        5281,
        5530
      ],
      "visQ": 80
    },
    {
      "t": 5.6,
      "aQ": [
        312,
        298,
        270,
        273,
        null,
        301,
        null,
        62
      ],
      "dQ": [
        1440,
        null,
        5631,
        5930
      ],
      "visQ": 81
    },
    {
      "t": 5.7,
      "aQ": [
        311,
        298,
        269,
        272,
        null,
        300,
        null,
        60
      ],
      "dQ": [
        1448,
        null,
        5647,
        6014
      ],
      "visQ": 81
    },
    {
      "t": 5.8,
      "aQ": [
        313,
        301,
        277,
        274,
        null,
        301,
        null,
        59
      ],
      "dQ": [
        1566,
        null,
        6199,
        6584
      ],
      "visQ": 81
    },
    {
      "t": 5.9,
      "aQ": [
        314,
        303,
        278,
        275,
        null,
        301,
        null,
        59
      ],
      "dQ": [
        1607,
        null,
        6401,
        6826
      ],
      "visQ": 82
    },
    {
      "t": 6,
      "aQ": [
        314,
        304,
        277,
        276,
        null,
        302,
        null,
        59
      ],
      "dQ": [
        1594,
        null,
        6364,
        6807
      ],
      "visQ": 82
    },
    {
      "t": 6.1,
      "aQ": [
        313,
        304,
        275,
        276,
        null,
        302,
        null,
        59
      ],
      "dQ": [
        1556,
        null,
        6248,
        6688
      ],
      "visQ": 82
    },
    {
      "t": 6.2,
      "aQ": [
        313,
        304,
        274,
        276,
        null,
        301,
        null,
        58
      ],
      "dQ": [
        1511,
        null,
        6082,
        6508
      ],
      "visQ": 82
    },
    {
      "t": 6.3,
      "aQ": [
        312,
        304,
        273,
        275,
        null,
        301,
        null,
        59
      ],
      "dQ": [
        1510,
        null,
        6068,
        6506
      ],
      "visQ": 82
    },
    {
      "t": 6.4,
      "aQ": [
        312,
        304,
        272,
        275,
        null,
        301,
        null,
        59
      ],
      "dQ": [
        1503,
        null,
        6024,
        6461
      ],
      "visQ": 83
    },
    {
      "t": 6.5,
      "aQ": [
        311,
        304,
        270,
        275,
        null,
        299,
        null,
        58
      ],
      "dQ": [
        1452,
        null,
        5828,
        6249
      ],
      "visQ": 83
    },
    {
      "t": 6.6,
      "aQ": [
        311,
        304,
        268,
        274,
        null,
        299,
        null,
        59
      ],
      "dQ": [
        1460,
        null,
        5808,
        6229
      ],
      "visQ": 83
    },
    {
      "t": 6.7,
      "aQ": [
        312,
        302,
        265,
        272,
        null,
        299,
        null,
        60
      ],
      "dQ": [
        1418,
        null,
        5605,
        6019
      ],
      "visQ": 83
    },
    {
      "t": 6.8,
      "aQ": [
        312,
        296,
        264,
        267,
        null,
        297,
        null,
        62
      ],
      "dQ": [
        1430,
        null,
        5576,
        6016
      ],
      "visQ": 83
    },
    {
      "t": 6.9,
      "aQ": [
        312,
        295,
        264,
        266,
        null,
        295,
        null,
        62
      ],
      "dQ": [
        1430,
        null,
        5579,
        6002
      ],
      "visQ": 83
    },
    {
      "t": 7,
      "aQ": [
        314,
        279,
        258,
        253,
        null,
        293,
        null,
        67
      ],
      "dQ": [
        1371,
        null,
        5103,
        5461
      ],
      "visQ": 83
    },
    {
      "t": 7.1,
      "aQ": [
        308,
        270,
        252,
        249,
        null,
        294,
        null,
        69
      ],
      "dQ": [
        1359,
        null,
        4732,
        5244
      ],
      "visQ": 83
    },
    {
      "t": 7.2,
      "aQ": [
        296,
        253,
        245,
        237,
        null,
        295,
        null,
        72
      ],
      "dQ": [
        1269,
        null,
        4370,
        4749
      ],
      "visQ": 83
    },
    {
      "t": 7.3,
      "aQ": [
        290,
        231,
        242,
        220,
        null,
        296,
        null,
        76
      ],
      "dQ": [
        1299,
        null,
        4500,
        4867
      ],
      "visQ": 82
    },
    {
      "t": 7.4,
      "aQ": [
        278,
        223,
        235,
        215,
        null,
        294,
        null,
        78
      ],
      "dQ": [
        1390,
        null,
        4382,
        4918
      ],
      "visQ": 82
    },
    {
      "t": 7.5,
      "aQ": [
        271,
        214,
        227,
        209,
        null,
        299,
        null,
        81
      ],
      "dQ": [
        1473,
        null,
        4148,
        4858
      ],
      "visQ": 81
    },
    {
      "t": 7.6,
      "aQ": [
        271,
        207,
        224,
        204,
        null,
        300,
        null,
        86
      ],
      "dQ": [
        1506,
        null,
        4128,
        4878
      ],
      "visQ": 81
    },
    {
      "t": 7.7,
      "aQ": [
        null,
        201,
        null,
        203,
        null,
        299,
        null,
        88
      ],
      "dQ": [
        1466,
        null,
        4272,
        4987
      ],
      "visQ": 80
    },
    {
      "t": 7.8,
      "aQ": [
        null,
        195,
        null,
        197,
        null,
        297,
        null,
        88
      ],
      "dQ": [
        1464,
        null,
        4474,
        5304
      ],
      "visQ": 80
    },
    {
      "t": 7.9,
      "aQ": [
        null,
        189,
        null,
        196,
        null,
        297,
        null,
        87
      ],
      "dQ": [
        1368,
        null,
        4192,
        5001
      ],
      "visQ": 79
    },
    {
      "t": 8,
      "aQ": [
        null,
        187,
        null,
        195,
        null,
        291,
        null,
        85
      ],
      "dQ": [
        1384,
        null,
        4020,
        4876
      ],
      "visQ": 79
    },
    {
      "t": 8.1,
      "aQ": [
        null,
        187,
        null,
        195,
        null,
        287,
        null,
        83
      ],
      "dQ": [
        null,
        null,
        null,
        4881
      ],
      "visQ": 79
    },
    {
      "t": 8.2,
      "aQ": [
        null,
        183,
        null,
        194,
        null,
        286,
        null,
        83
      ],
      "dQ": [
        null,
        null,
        null,
        4819
      ],
      "visQ": 79
    },
    {
      "t": 8.3,
      "aQ": [
        null,
        180,
        null,
        194,
        null,
        285,
        null,
        82
      ],
      "dQ": [
        null,
        null,
        null,
        4911
      ],
      "visQ": 78
    },
    {
      "t": 8.4,
      "aQ": [
        null,
        190,
        null,
        203,
        null,
        294,
        null,
        83
      ],
      "dQ": [
        null,
        null,
        null,
        5020
      ],
      "visQ": 78
    },
    {
      "t": 8.5,
      "aQ": [
        null,
        196,
        null,
        204,
        null,
        295,
        null,
        82
      ],
      "dQ": [
        null,
        null,
        null,
        4751
      ],
      "visQ": 78
    },
    {
      "t": 8.6,
      "aQ": [
        null,
        213,
        null,
        213,
        null,
        297,
        null,
        81
      ],
      "dQ": [
        null,
        null,
        null,
        4898
      ],
      "visQ": 78
    },
    {
      "t": 8.7,
      "aQ": [
        null,
        235,
        null,
        227,
        null,
        299,
        null,
        77
      ],
      "dQ": [
        null,
        null,
        null,
        5125
      ],
      "visQ": 79
    },
    {
      "t": 8.8,
      "aQ": [
        null,
        257,
        null,
        246,
        null,
        299,
        null,
        72
      ],
      "dQ": [
        1383,
        null,
        4575,
        5037
      ],
      "visQ": 80
    },
    {
      "t": 8.9,
      "aQ": [
        null,
        270,
        null,
        258,
        null,
        300,
        null,
        68
      ],
      "dQ": [
        1343,
        null,
        4636,
        5042
      ],
      "visQ": 80
    },
    {
      "t": 9,
      "aQ": [
        null,
        281,
        null,
        261,
        null,
        302,
        null,
        66
      ],
      "dQ": [
        1399,
        null,
        5078,
        5429
      ],
      "visQ": 81
    },
    {
      "t": 9.1,
      "aQ": [
        null,
        291,
        null,
        268,
        null,
        302,
        null,
        64
      ],
      "dQ": [
        1375,
        null,
        5229,
        5514
      ],
      "visQ": 81
    },
    {
      "t": 9.2,
      "aQ": [
        310,
        296,
        270,
        272,
        null,
        301,
        null,
        62
      ],
      "dQ": [
        1422,
        null,
        5559,
        5913
      ],
      "visQ": 81
    },
    {
      "t": 9.3,
      "aQ": [
        312,
        300,
        276,
        273,
        null,
        304,
        null,
        62
      ],
      "dQ": [
        1560,
        null,
        6186,
        6597
      ],
      "visQ": 82
    },
    {
      "t": 9.4,
      "aQ": [
        314,
        302,
        280,
        277,
        null,
        304,
        null,
        59
      ],
      "dQ": [
        1571,
        null,
        6280,
        6685
      ],
      "visQ": 82
    },
    {
      "t": 9.5,
      "aQ": [
        312,
        302,
        280,
        277,
        null,
        306,
        null,
        60
      ],
      "dQ": [
        1636,
        null,
        6421,
        6921
      ],
      "visQ": 82
    },
    {
      "t": 9.6,
      "aQ": [
        312,
        301,
        280,
        277,
        null,
        306,
        null,
        59
      ],
      "dQ": [
        1651,
        null,
        6438,
        6988
      ],
      "visQ": 83
    },
    {
      "t": 9.7,
      "aQ": [
        311,
        299,
        277,
        277,
        null,
        304,
        null,
        58
      ],
      "dQ": [
        1548,
        null,
        6196,
        6717
      ],
      "visQ": 83
    },
    {
      "t": 9.8,
      "aQ": [
        310,
        298,
        275,
        276,
        null,
        303,
        null,
        58
      ],
      "dQ": [
        1513,
        null,
        6104,
        6604
      ],
      "visQ": 83
    },
    {
      "t": 9.9,
      "aQ": [
        309,
        297,
        274,
        276,
        null,
        302,
        null,
        58
      ],
      "dQ": [
        1486,
        null,
        6009,
        6512
      ],
      "visQ": 83
    },
    {
      "t": 10,
      "aQ": [
        309,
        297,
        273,
        276,
        null,
        301,
        null,
        58
      ],
      "dQ": [
        1468,
        null,
        5933,
        6415
      ],
      "visQ": 83
    },
    {
      "t": 10.1,
      "aQ": [
        308,
        298,
        272,
        276,
        null,
        300,
        null,
        57
      ],
      "dQ": [
        1469,
        null,
        5815,
        6308
      ],
      "visQ": 83
    },
    {
      "t": 10.2,
      "aQ": [
        309,
        299,
        272,
        275,
        null,
        301,
        null,
        57
      ],
      "dQ": [
        1470,
        null,
        5744,
        6243
      ],
      "visQ": 83
    },
    {
      "t": 10.3,
      "aQ": [
        312,
        298,
        272,
        275,
        null,
        300,
        null,
        57
      ],
      "dQ": [
        1447,
        null,
        5693,
        6127
      ],
      "visQ": 83
    },
    {
      "t": 10.4,
      "aQ": [
        314,
        294,
        270,
        272,
        null,
        297,
        null,
        57
      ],
      "dQ": [
        1437,
        null,
        5615,
        6041
      ],
      "visQ": 83
    },
    {
      "t": 10.5,
      "aQ": [
        314,
        286,
        267,
        267,
        null,
        297,
        null,
        60
      ],
      "dQ": [
        1387,
        null,
        5210,
        5588
      ],
      "visQ": 83
    },
    {
      "t": 10.6,
      "aQ": [
        313,
        277,
        265,
        258,
        null,
        297,
        null,
        64
      ],
      "dQ": [
        1407,
        null,
        5166,
        5565
      ],
      "visQ": 83
    },
    {
      "t": 10.7,
      "aQ": [
        307,
        265,
        264,
        249,
        null,
        295,
        null,
        66
      ],
      "dQ": [
        1351,
        null,
        4596,
        5114
      ],
      "visQ": 83
    },
    {
      "t": 10.8,
      "aQ": [
        312,
        245,
        257,
        239,
        null,
        295,
        null,
        68
      ],
      "dQ": [
        1318,
        null,
        4190,
        4805
      ],
      "visQ": 82
    },
    {
      "t": 10.9,
      "aQ": [
        305,
        228,
        253,
        229,
        null,
        293,
        null,
        70
      ],
      "dQ": [
        1310,
        null,
        4113,
        4674
      ],
      "visQ": 82
    },
    {
      "t": 11,
      "aQ": [
        297,
        212,
        247,
        216,
        null,
        298,
        null,
        77
      ],
      "dQ": [
        1341,
        null,
        4089,
        4660
      ],
      "visQ": 81
    },
    {
      "t": 11.1,
      "aQ": [
        287,
        203,
        237,
        206,
        null,
        304,
        null,
        83
      ],
      "dQ": [
        1490,
        null,
        3992,
        4720
      ],
      "visQ": 80
    },
    {
      "t": 11.2,
      "aQ": [
        270,
        195,
        219,
        198,
        null,
        303,
        null,
        87
      ],
      "dQ": [
        1556,
        null,
        4020,
        4788
      ],
      "visQ": 80
    },
    {
      "t": 11.3,
      "aQ": [
        null,
        188,
        null,
        195,
        null,
        303,
        null,
        89
      ],
      "dQ": [
        1449,
        null,
        4195,
        4842
      ],
      "visQ": 79
    },
    {
      "t": 11.4,
      "aQ": [
        null,
        185,
        null,
        198,
        null,
        300,
        null,
        87
      ],
      "dQ": [
        1477,
        null,
        4034,
        4788
      ],
      "visQ": 78
    },
    {
      "t": 11.5,
      "aQ": [
        null,
        182,
        null,
        195,
        null,
        299,
        null,
        86
      ],
      "dQ": [
        1469,
        null,
        3942,
        4765
      ],
      "visQ": 78
    },
    {
      "t": 11.6,
      "aQ": [
        null,
        175,
        null,
        192,
        null,
        299,
        null,
        86
      ],
      "dQ": [
        null,
        null,
        null,
        4787
      ],
      "visQ": 77
    },
    {
      "t": 11.7,
      "aQ": [
        null,
        175,
        null,
        192,
        null,
        297,
        null,
        85
      ],
      "dQ": [
        null,
        null,
        null,
        4779
      ],
      "visQ": 77
    },
    {
      "t": 11.8,
      "aQ": [
        null,
        180,
        null,
        196,
        null,
        294,
        null,
        83
      ],
      "dQ": [
        null,
        null,
        null,
        4854
      ],
      "visQ": 77
    },
    {
      "t": 11.9,
      "aQ": [
        null,
        187,
        null,
        204,
        null,
        293,
        null,
        80
      ],
      "dQ": [
        null,
        null,
        null,
        4815
      ],
      "visQ": 77
    },
    {
      "t": 12,
      "aQ": [
        null,
        198,
        null,
        206,
        null,
        293,
        null,
        79
      ],
      "dQ": [
        null,
        null,
        null,
        4893
      ],
      "visQ": 77
    },
    {
      "t": 12.1,
      "aQ": [
        null,
        211,
        null,
        208,
        null,
        295,
        null,
        79
      ],
      "dQ": [
        null,
        null,
        null,
        4950
      ],
      "visQ": 77
    },
    {
      "t": 12.2,
      "aQ": [
        null,
        237,
        null,
        225,
        null,
        297,
        null,
        77
      ],
      "dQ": [
        null,
        null,
        null,
        5124
      ],
      "visQ": 77
    },
    {
      "t": 12.3,
      "aQ": [
        null,
        254,
        null,
        240,
        null,
        301,
        null,
        76
      ],
      "dQ": [
        null,
        null,
        null,
        5187
      ],
      "visQ": 78
    },
    {
      "t": 12.4,
      "aQ": [
        null,
        274,
        null,
        256,
        null,
        301,
        null,
        71
      ],
      "dQ": [
        null,
        null,
        null,
        5134
      ],
      "visQ": 79
    },
    {
      "t": 12.5,
      "aQ": [
        null,
        286,
        null,
        262,
        null,
        305,
        null,
        69
      ],
      "dQ": [
        1352,
        null,
        5116,
        5450
      ],
      "visQ": 79
    },
    {
      "t": 12.6,
      "aQ": [
        null,
        298,
        null,
        271,
        null,
        303,
        null,
        65
      ],
      "dQ": [
        1444,
        null,
        5680,
        6013
      ],
      "visQ": 80
    },
    {
      "t": 12.7,
      "aQ": [
        null,
        299,
        null,
        273,
        null,
        304,
        null,
        63
      ],
      "dQ": [
        1434,
        null,
        5722,
        6104
      ],
      "visQ": 81
    },
    {
      "t": 12.8,
      "aQ": [
        311,
        301,
        280,
        278,
        null,
        303,
        null,
        59
      ],
      "dQ": [
        1496,
        null,
        6022,
        6478
      ],
      "visQ": 81
    },
    {
      "t": 12.9,
      "aQ": [
        313,
        303,
        282,
        280,
        null,
        304,
        null,
        57
      ],
      "dQ": [
        1526,
        null,
        6175,
        6659
      ],
      "visQ": 81
    },
    {
      "t": 13,
      "aQ": [
        313,
        302,
        281,
        279,
        null,
        305,
        null,
        57
      ],
      "dQ": [
        1560,
        null,
        6253,
        6733
      ],
      "visQ": 82
    },
    {
      "t": 13.1,
      "aQ": [
        313,
        302,
        281,
        278,
        null,
        304,
        null,
        57
      ],
      "dQ": [
        1570,
        null,
        6294,
        6759
      ],
      "visQ": 82
    },
    {
      "t": 13.2,
      "aQ": [
        313,
        302,
        279,
        278,
        null,
        302,
        null,
        57
      ],
      "dQ": [
        1548,
        null,
        6265,
        6724
      ],
      "visQ": 82
    },
    {
      "t": 13.3,
      "aQ": [
        313,
        303,
        277,
        279,
        null,
        302,
        null,
        57
      ],
      "dQ": [
        1489,
        null,
        6026,
        6442
      ],
      "visQ": 83
    },
    {
      "t": 13.4,
      "aQ": [
        313,
        302,
        276,
        279,
        null,
        301,
        null,
        56
      ],
      "dQ": [
        1455,
        null,
        5920,
        6342
      ],
      "visQ": 83
    },
    {
      "t": 13.5,
      "aQ": [
        313,
        302,
        276,
        279,
        null,
        301,
        null,
        57
      ],
      "dQ": [
        1450,
        null,
        5914,
        6342
      ],
      "visQ": 83
    },
    {
      "t": 13.6,
      "aQ": [
        313,
        302,
        275,
        279,
        null,
        301,
        null,
        57
      ],
      "dQ": [
        1449,
        null,
        5910,
        6351
      ],
      "visQ": 83
    },
    {
      "t": 13.7,
      "aQ": [
        313,
        301,
        276,
        279,
        null,
        300,
        null,
        57
      ],
      "dQ": [
        1451,
        null,
        5931,
        6382
      ],
      "visQ": 83
    },
    {
      "t": 13.8,
      "aQ": [
        314,
        301,
        276,
        279,
        null,
        301,
        null,
        57
      ],
      "dQ": [
        1448,
        null,
        5936,
        6388
      ],
      "visQ": 83
    },
    {
      "t": 13.9,
      "aQ": [
        314,
        301,
        277,
        279,
        null,
        301,
        null,
        57
      ],
      "dQ": [
        1444,
        null,
        5938,
        6388
      ],
      "visQ": 83
    },
    {
      "t": 14,
      "aQ": [
        313,
        301,
        277,
        279,
        null,
        300,
        null,
        57
      ],
      "dQ": [
        1442,
        null,
        5934,
        6379
      ],
      "visQ": 83
    },
    {
      "t": 14.1,
      "aQ": [
        313,
        301,
        277,
        279,
        null,
        300,
        null,
        57
      ],
      "dQ": [
        1440,
        null,
        5925,
        6369
      ],
      "visQ": 83
    },
    {
      "t": 14.2,
      "aQ": [
        313,
        301,
        278,
        279,
        null,
        301,
        null,
        57
      ],
      "dQ": [
        1439,
        null,
        5919,
        6360
      ],
      "visQ": 83
    },
    {
      "t": 14.3,
      "aQ": [
        312,
        301,
        278,
        279,
        null,
        300,
        null,
        56
      ],
      "dQ": [
        1437,
        null,
        5909,
        6348
      ],
      "visQ": 83
    },
    {
      "t": 14.4,
      "aQ": [
        312,
        301,
        278,
        279,
        null,
        300,
        null,
        56
      ],
      "dQ": [
        1436,
        null,
        5904,
        6344
      ],
      "visQ": 83
    },
    {
      "t": 14.5,
      "aQ": [
        312,
        301,
        278,
        279,
        null,
        299,
        null,
        56
      ],
      "dQ": [
        1433,
        null,
        5895,
        6336
      ],
      "visQ": 83
    },
    {
      "t": 14.6,
      "aQ": [
        312,
        300,
        278,
        279,
        null,
        299,
        null,
        56
      ],
      "dQ": [
        1431,
        null,
        5884,
        6324
      ],
      "visQ": 83
    },
    {
      "t": 14.7,
      "aQ": [
        312,
        300,
        278,
        279,
        null,
        299,
        null,
        56
      ],
      "dQ": [
        1428,
        null,
        5875,
        6311
      ],
      "visQ": 83
    },
    {
      "t": 14.8,
      "aQ": [
        311,
        300,
        278,
        279,
        null,
        299,
        null,
        56
      ],
      "dQ": [
        1430,
        null,
        5879,
        6314
      ],
      "visQ": 83
    }
  ]
}