{
  "v": 1,
  "exercise": "plank_updowns",
  "fps": 10,
  "maxSec": 60,
  "modelComplexity": 1,
  "minDetectionConfidence": 0.8,
  "minTrackingConfidence": 0.8,
  "angles_scale": 100,
  "dists_scale": 1000,
  "frames": [
    {
      "t": 0.1,
      "aQ": [
        304,
        null,
        138,
        null,
        287,
        null,
        262,
        null
      ],
      "dQ": [
        3485,
        3089,
        15287,
        12791
      ],
      "visQ": 83
    },
    {
      "t": 0.2,
      "aQ": [
        304,
        null,
        137,
        null,
        290,
        null,
        264,
        null
      ],
      "dQ": [
        2673,
        2522,
        11755,
        10028
      ],
      "visQ": 83
    },
    {
      "t": 0.3,
      "aQ": [
        303,
        null,
        137,
        null,
        293,
        null,
        263,
        null
      ],
      "dQ": [
        2939,
        2521,
        11507,
        9621
      ],
      "visQ": 82
    },
    {
      "t": 0.4,
      "aQ": [
        300,
        null,
        134,
        null,
        293,
        null,
        266,
        null
      ],
      "dQ": [
        2900,
        2676,
        11164,
        9351
      ],
      "visQ": 82
    },
    {
      "t": 0.5,
      "aQ": [
        269,
        null,
        132,
        null,
        296,
        null,
        267,
        null
      ],
      "dQ": [
        2646,
        2549,
        10387,
        8386
      ],
      "visQ": 82
    },
    {
      "t": 0.6,
      "aQ": [
        244,
        null,
        155,
        null,
        298,
        null,
        259,
        null
      ],
      "dQ": [
        null,
        2076,
        9466,
        null
      ],
      "visQ": 82
    },
    {
      "t": 0.7,
      "aQ": [
        252,
        null,
        164,
        null,
        302,
        null,
        261,
        null
      ],
      "dQ": [
        null,
        2410,
        11733,
        null
      ],
      "visQ": 81
    },
    {
      "t": 0.8,
      "aQ": [
        236,
        null,
        169,
        null,
        305,
        null,
        257,
        null
      ],
      "dQ": [
        null,
        1954,
        8513,
        null
      ],
      "visQ": 81
    },
    {
      "t": 0.9,
      "aQ": [
        204,
        null,
        166,
        null,
        309,
        null,
        264,
        null
      ],
      "dQ": [
        null,
        1475,
        6338,
        null
      ],
      "visQ": 81
    },
    {
      "t": 1,
      "aQ": [
        182,
        null,
        164,
        null,
        309,
        null,
        266,
        null
      ],
      "dQ": [
        null,
        1174,
        4967,
        null
      ],
      "visQ": 80
    },
    {
      "t": 1.1,
      "aQ": [
        174,
        null,
        170,
        null,
        307,
        null,
        264,
        null
      ],
      "dQ": [
        null,
        1064,
        4645,
        null
      ],
      "visQ": 80
    },
    {
      "t": 1.2,
      "aQ": [
        177,
        null,
        172,
        null,
        303,
        null,
        260,
        null
      ],
      "dQ": [
        null,
        912,
        4764,
        null
      ],
      "visQ": 81
    },
    {
      "t": 1.3,
      "aQ": [
        169,
        null,
        171,
        null,
        303,
        null,
        261,
        null
      ],
      "dQ": [
        null,
        908,
        4671,
        null
      ],
      "visQ": 81
    },
    {
      "t": 1.4,
      "aQ": [
        151,
        null,
        170,
        null,
        305,
        null,
        262,
        null
      ],
      "dQ": [
        null,
        810,
        3999,
        null
      ],
      "visQ": 80
    },
    {
      "t": 1.5,
      "aQ": [
        152,
        null,
        167,
        null,
        302,
        null,
        262,
        null
      ],
      "dQ": [
        null,
        1118,
        5419,
        null
      ],
      "visQ": 80
    },
    {
      "t": 1.6,
      "aQ": [
        151,
        null,
        167,
        null,
        299,
        null,
        261,
        null
      ],
      "dQ": [
        null,
        1501,
        7195,
        null
      ],
      "visQ": 81
    },
    {
      "t": 1.7,
      "aQ": [
        148,
        null,
        166,
        null,
        298,
        null,
        262,
        null
      ],
      "dQ": [
        null,
        1634,
        8625,
        null
      ],
      "visQ": 81
    },
    {
      "t": 1.8,
      "aQ": [
        151,
        null,
        163,
        null,
        296,
        null,
        265,
        null
      ],
      "dQ": [
        null,
        1719,
        9220,
        null
      ],
      "visQ": 81
    },
    {
      "t": 1.9,
      "aQ": [
        153,
        null,
        163,
        null,
        295,
        null,
        265,
        null
      ],
      "dQ": [
        null,
        null,
        8708,
        null
      ],
      "visQ": 81
    },
    {
      "t": 2,
      "aQ": [
        155,
        null,
        162,
        null,
        293,
        null,
        266,
        null
      ],
      "dQ": [
        null,
        null,
        8747,
        null
      ],
      "visQ": 81
    },
    {
      "t": 2.1,
      "aQ": [
        156,
        null,
        161,
        null,
        292,
        null,
        266,
        null
      ],
      "dQ": [
        null,
        1734,
        8556,
        null
      ],
      "visQ": 81
    },
    {
      "t": 2.2,
      "aQ": [
        156,
        null,
        161,
        null,
        291,
        null,
        265,
        null
      ],
      "dQ": [
        1014,
        1696,
        8128,
        7719
      ],
      "visQ": 82
    },
    {
      "t": 2.3,
      "aQ": [
        157,
        null,
        163,
        null,
        289,
        null,
        262,
        null
      ],
      "dQ": [
        1013,
        2103,
        9356,
        8954
      ],
      "visQ": 82
    },
    {
      "t": 2.4,
      "aQ": [
        147,
        null,
        147,
        null,
        286,
        null,
        261,
        null
      ],
      "dQ": [
        1118,
        2657,
        12375,
        12100
      ],
      "visQ": 82
    },
    {
      "t": 2.5,
      "aQ": [
        161,
        null,
        97,
        null,
        286,
        null,
        263,
        null
      ],
      "dQ": [
        3897,
        4664,
        14990,
        17675
      ],
      "visQ": 82
    },
    {
      "t": 2.6,
      "aQ": [
        213,
        null,
        80,
        null,
        284,
        null,
        270,
        null
      ],
      "dQ": [
        10608,
        6133,
        19957,
        25616
      ],
      "visQ": 83
    },
    {
      "t": 2.7,
      "aQ": [
        218,
        null,
        82,
        null,
        283,
        null,
        270,
        null
      ],
      "dQ": [
        12492,
        6758,
        23184,
        29327
      ],
      "visQ": 83
    },
    {
      "t": 2.8,
      "aQ": [
        219,
        null,
        82,
        null,
        283,
        null,
        272,
        null
      ],
      "dQ": [
        13337,
        7836,
        25007,
        31566
      ],
      "visQ": 83
    },
    {
      "t": 2.9,
      "aQ": [
        233,
        null,
        88,
        null,
        283,
        null,
        273,
        null
      ],
      "dQ": [
        9473,
        null,
        17721,
        22315
      ],
      "visQ": 83
    },
    {
      "t": 3,
      "aQ": [
        256,
        null,
        97,
        null,
        282,
        null,
        274,
        null
      ],
      "dQ": [
        5281,
        null,
        10173,
        12435
      ],
      "visQ": 83
    },
    {
      "t": 3.1,
      "aQ": [
        268,
        187,
        102,
        144,
        283,
        null,
        274,
        null
      ],
      "dQ": [
        4171,
        null,
        8547,
        10048
      ],
      "visQ": 84
    },
    {
      "t": 3.2,
      "aQ": [
        280,
        200,
        106,
        143,
        282,
        null,
        276,
        null
      ],
      "dQ": [
        3076,
        1840,
        7085,
        8159
      ],
      "visQ": 84
    },
    {
      "t": 3.3,
      "aQ": [
        255,
        220,
        116,
        152,
        288,
        null,
        269,
        null
      ],
      "dQ": [
        1760,
        1582,
        6942,
        7430
      ],
      "visQ": 85
    },
    {
      "t": 3.4,
      "aQ": [
        300,
        259,
        124,
        157,
        288,
        null,
        266,
        null
      ],
      "dQ": [
        26038,
        15011,
        58825,
        66484
      ],
      "visQ": 85
    },
    {
      "t": 3.5,
      "aQ": [
        305,
        242,
        125,
        147,
        292,
        null,
        269,
        null
      ],
      "dQ": [
        13398,
        8060,
        29599,
        31381
      ],
      "visQ": 85
    },
    {
      "t": 3.6,
      "aQ": [
        308,
        273,
        126,
        130,
        289,
        null,
        271,
        null
      ],
      "dQ": [
        4482,
        3461,
        12934,
        11695
      ],
      "visQ": 85
    },
    {
      "t": 3.7,
      "aQ": [
        306,
        299,
        122,
        122,
        291,
        null,
        273,
        null
      ],
      "dQ": [
        3071,
        2695,
        9796,
        8045
      ],
      "visQ": 85
    },
    {
      "t": 3.8,
      "aQ": [
        307,
        301,
        123,
        122,
        292,
        null,
        272,
        null
      ],
      "dQ": [
        2919,
        3178,
        11246,
        9498
      ],
      "visQ": 84
    },
    {
      "t": 3.9,
      "aQ": [
        306,
        301,
        125,
        123,
        294,
        null,
        270,
        null
      ],
      "dQ": [
        2477,
        3087,
        10804,
        9391
      ],
      "visQ": 84
    },
    {
      "t": 4,
      "aQ": [
        307,
        303,
        125,
        124,
        294,
        null,
        269,
        null
      ],
      "dQ": [
        2372,
        2888,
        10522,
        9185
      ],
      "visQ": 84
    },
    {
      "t": 4.1,
      "aQ": [
        307,
        null,
        125,
        null,
        293,
        null,
        270,
        null
      ],
      "dQ": [
        2464,
        2925,
        11091,
        9704
      ],
      "visQ": 83
    },
    {
      "t": 4.2,
      "aQ": [
        308,
        null,
        124,
        null,
        293,
        null,
        270,
        null
      ],
      "dQ": [
        2430,
        2919,
        11177,
        9873
      ],
      "visQ": 83
    },
    {
      "t": 4.3,
      "aQ": [
        309,
        null,
        125,
        null,
        293,
        null,
        271,
        null
      ],
      "dQ": [
        2453,
        3034,
        11257,
        9934
      ],
      "visQ": 83
    },
    {
      "t": 4.4,
      "aQ": [
        309,
        null,
        125,
        null,
        293,
        null,
        271,
        null
      ],
      "dQ": [
        2512,
        2914,
        11572,
        10215
      ],
      "visQ": 83
    },
    {
      "t": 4.5,
      "aQ": [
        309,
        null,
        126,
        null,
        292,
        null,
        270,
        null
      ],
      "dQ": [
        2402,
        2946,
        11205,
        9873
      ],
      "visQ": 83
    },
    {
      "t": 4.6,
      "aQ": [
        308,
        null,
        125,
        null,
        293,
        null,
        270,
        null
      ],
      "dQ": [
        2414,
        2785,
        11039,
        9688
      ],
      "visQ": 82
    },
    {
      "t": 4.7,
      "aQ": [
        309,
        null,
        127,
        null,
        294,
        null,
        270,
        null
      ],
      "dQ": [
        2313,
        2573,
        10233,
        8949
      ],
      "visQ": 82
    },
    {
      "t": 4.8,
      "aQ": [
        309,
        null,
        127,
        null,
        294,
        null,
        270,
        null
      ],
      "dQ": [
        2927,
        null,
        9969,
        8632
      ],
      "visQ": 82
    },
    {
      "t": 4.9,
      "aQ": [
        306,
        null,
        129,
        null,
        293,
        null,
        272,
        null
      ],
      "dQ": [
        8552,
        6500,
        23926,
        22993
      ],
      "visQ": 82
    },
    {
      "t": 5,
      "aQ": [
        305,
        null,
        129,
        null,
        291,
        null,
        272,
        null
      ],
      "dQ": [
        6324,
        null,
        14919,
        15918
      ],
      "visQ": 82
    },
    {
      "t": 5.1,
      "aQ": [
        302,
        null,
        129,
        null,
        289,
        null,
        268,
        null
      ],
      "dQ": [
        4759,
        null,
        10789,
        11850
      ],
      "visQ": 82
    },
    {
      "t": 5.2,
      "aQ": [
        290,
        null,
        118,
        null,
        288,
        null,
        274,
        null
      ],
      "dQ": [
        12917,
        null,
        29244,
        32418
      ],
      "visQ": 83
    },
    {
      "t": 5.3,
      "aQ": [
        286,
        225,
        110,
        141,
        286,
        null,
        280,
        null
      ],
      "dQ": [
        14951,
        null,
        31275,
        36346
      ],
      "visQ": 83
    },
    {
      "t": 5.4,
      "aQ": [
        276,
        210,
        106,
        140,
        285,
        null,
        279,
        null
      ],
      "dQ": [
        8344,
        null,
        17540,
        20204
      ],
      "visQ": 84
    },
    {
      "t": 5.5,
      "aQ": [
        266,
        196,
        101,
        140,
        283,
        null,
        278,
        null
      ],
      "dQ": [
        5621,
        null,
        11562,
        13644
      ],
      "visQ": 84
    },
    {
      "t": 5.6,
      "aQ": [
        245,
        184,
        91,
        139,
        284,
        null,
        279,
        null
      ],
      "dQ": [
        8677,
        null,
        16866,
        20666
      ],
      "visQ": 84
    },
    {
      "t": 5.7,
      "aQ": [
        229,
        186,
        83,
        138,
        284,
        null,
        278,
        null
      ],
      "dQ": [
        19456,
        null,
        36108,
        45924
      ],
      "visQ": 84
    },
    {
      "t": 5.8,
      "aQ": [
        224,
        187,
        79,
        136,
        283,
        null,
        278,
        null
      ],
      "dQ": [
        18202,
        null,
        33613,
        43418
      ],
      "visQ": 84
    },
    {
      "t": 5.9,
      "aQ": [
        226,
        189,
        83,
        145,
        281,
        null,
        278,
        null
      ],
      "dQ": [
        13998,
        null,
        26794,
        34286
      ],
      "visQ": 84
    },
    {
      "t": 6,
      "aQ": [
        170,
        189,
        112,
        136,
        285,
        null,
        274,
        null
      ],
      "dQ": [
        3169,
        null,
        51423,
        52988
      ],
      "visQ": 84
    },
    {
      "t": 6.1,
      "aQ": [
        157,
        182,
        147,
        156,
        286,
        null,
        264,
        null
      ],
      "dQ": [
        1359,
        null,
        18050,
        18279
      ],
      "visQ": 84
    },
    {
      "t": 6.2,
      "aQ": [
        160,
        185,
        157,
        163,
        286,
        null,
        261,
        null
      ],
      "dQ": [
        1015,
        null,
        13855,
        13932
      ],
      "visQ": 84
    },
    {
      "t": 6.3,
      "aQ": [
        166,
        202,
        158,
        162,
        288,
        null,
        262,
        null
      ],
      "dQ": [
        739,
        null,
        11744,
        11631
      ],
      "visQ": 84
    },
    {
      "t": 6.4,
      "aQ": [
        157,
        199,
        157,
        163,
        286,
        null,
        263,
        null
      ],
      "dQ": [
        638,
        null,
        12506,
        12434
      ],
      "visQ": 84
    },
    {
      "t": 6.5,
      "aQ": [
        154,
        195,
        159,
        162,
        287,
        null,
        263,
        null
      ],
      "dQ": [
        662,
        null,
        10707,
        10623
      ],
      "visQ": 84
    },
    {
      "t": 6.6,
      "aQ": [
        154,
        191,
        161,
        163,
        286,
        null,
        263,
        null
      ],
      "dQ": [
        741,
        null,
        10938,
        10783
      ],
      "visQ": 83
    },
    {
      "t": 6.7,
      "aQ": [
        156,
        191,
        162,
        164,
        288,
        null,
        263,
        null
      ],
      "dQ": [
        777,
        null,
        10901,
        10797
      ],
      "visQ": 83
    },
    {
      "t": 6.8,
      "aQ": [
        159,
        195,
        167,
        168,
        288,
        null,
        257,
        null
      ],
      "dQ": [
        790,
        null,
        9885,
        9659
      ],
      "visQ": 83
    },
    {
      "t": 6.9,
      "aQ": [
        158,
        192,
        165,
        156,
        289,
        null,
        258,
        null
      ],
      "dQ": [
        1008,
        null,
        6581,
        6006
      ],
      "visQ": 83
    },
    {
      "t": 7,
      "aQ": [
        153,
        208,
        169,
        136,
        292,
        null,
        258,
        null
      ],
      "dQ": [
        1073,
        null,
        4225,
        3476
      ],
      "visQ": 83
    },
    {
      "t": 7.1,
      "aQ": [
        151,
        null,
        167,
        null,
        290,
        null,
        258,
        null
      ],
      "dQ": [
        1321,
        null,
        4131,
        3148
      ],
      "visQ": 83
    },
    {
      "t": 7.2,
      "aQ": [
        151,
        null,
        166,
        null,
        290,
        null,
        259,
        null
      ],
      "dQ": [
        1222,
        null,
        4206,
        3269
      ],
      "visQ": 83
    },
    {
      "t": 7.3,
      "aQ": [
        151,
        null,
        164,
        null,
        284,
        null,
        259,
        null
      ],
      "dQ": [
        1342,
        null,
        4260,
        3219
      ],
      "visQ": 83
    },
    {
      "t": 7.4,
      "aQ": [
        151,
        null,
        164,
        null,
        283,
        null,
        259,
        null
      ],
      "dQ": [
        1354,
        null,
        4355,
        3297
      ],
      "visQ": 82
    },
    {
      "t": 7.5,
      "aQ": [
        155,
        null,
        163,
        null,
        281,
        null,
        259,
        null
      ],
      "dQ": [
        1368,
        null,
        4382,
        3280
      ],
      "visQ": 82
    },
    {
      "t": 7.6,
      "aQ": [
        168,
        null,
        161,
        null,
        286,
        null,
        259,
        null
      ],
      "dQ": [
        1467,
        null,
        4552,
        3378
      ],
      "visQ": 82
    },
    {
      "t": 7.7,
      "aQ": [
        215,
        null,
        154,
        null,
        292,
        null,
        267,
        null
      ],
      "dQ": [
        2507,
        1564,
        6893,
        4810
      ],
      "visQ": 83
    },
    {
      "t": 7.8,
      "aQ": [
        262,
        null,
        160,
        null,
        297,
        null,
        268,
        null
      ],
      "dQ": [
        3465,
        1907,
        8697,
        5729
      ],
      "visQ": 83
    },
    {
      "t": 7.9,
      "aQ": [
        242,
        null,
        141,
        null,
        288,
        null,
        264,
        null
      ],
      "dQ": [
        3883,
        3118,
        14104,
        10632
      ],
      "visQ": 83
    },
    {
      "t": 8,
      "aQ": [
        263,
        null,
        121,
        null,
        289,
        null,
        269,
        null
      ],
      "dQ": [
        2362,
        4003,
        15848,
        13974
      ],
      "visQ": 83
    },
    {
      "t": 8.1,
      "aQ": [
        295,
        null,
        121,
        null,
        293,
        null,
        273,
        null
      ],
      "dQ": [
        3369,
        4256,
        15311,
        13046
      ],
      "visQ": 83
    },
    {
      "t": 8.2,
      "aQ": [
        305,
        null,
        125,
        null,
        295,
        null,
        273,
        null
      ],
      "dQ": [
        3335,
        4068,
        14847,
        12674
      ],
      "visQ": 82
    },
    {
      "t": 8.3,
      "aQ": [
        307,
        null,
        125,
        null,
        295,
        null,
        274,
        null
      ],
      "dQ": [
        2751,
        3391,
        12936,
        11238
      ],
      "visQ": 82
    },
    {
      "t": 8.4,
      "aQ": [
        307,
        null,
        126,
        null,
        295,
        null,
        274,
        null
      ],
      "dQ": [
        2582,
        3279,
        12231,
        10660
      ],
      "visQ": 82
    },
    {
      "t": 8.5,
      "aQ": [
        307,
        null,
        126,
        null,
        295,
        null,
        273,
        null
      ],
      "dQ": [
        2502,
        3134,
        11776,
        10244
      ],
      "visQ": 82
    },
    {
      "t": 8.6,
      "aQ": [
        307,
        null,
        126,
        null,
        294,
        null,
        272,
        null
      ],
      "dQ": [
        2350,
        2951,
        11005,
        9577
      ],
      "visQ": 81
    },
    {
      "t": 8.7,
      "aQ": [
        307,
        null,
        126,
        null,
        294,
        null,
        273,
        null
      ],
      "dQ": [
        2294,
        null,
        10913,
        9510
      ],
      "visQ": 81
    }
  ]
}