{
  "v": 1,
  "exercise": "squats",
  "fps": 10,
  "maxSec": 60,
  "modelComplexity": 1,
  "minDetectionConfidence": 0.8,
  "minTrackingConfidence": 0.8,
  "angles_scale": 100,
  "dists_scale": 1000,
  "frames": [
    {
      "t": 0.1,
      "aQ": [
        308,
        7,
        153,
        128,
        312,
        312,
        298,
        304
      ],
      "dQ": [
        153,
        1498,
        3076,
        3105
      ],
      "visQ": 98
    },
    {
      "t": 0.2,
      "aQ": [
        304,
        9,
        152,
        129,
        312,
        312,
        298,
        305
      ],
      "dQ": [
        174,
        1530,
        3117,
        3083
      ],
      "visQ": 98
    },
    {
      "t": 0.3,
      "aQ": [
        305,
        7,
        151,
        128,
        312,
        312,
        298,
        305
      ],
      "dQ": [
        134,
        1521,
        3110,
        3066
      ],
      "visQ": 98
    },
    {
      "t": 0.4,
      "aQ": [
        305,
        6,
        151,
        128,
        311,
        311,
        298,
        306
      ],
      "dQ": [
        115,
        1520,
        3112,
        3060
      ],
      "visQ": 98
    },
    {
      "t": 0.5,
      "aQ": [
        305,
        6,
        151,
        128,
        311,
        311,
        298,
        306
      ],
      "dQ": [
        112,
        1518,
        3108,
        3054
      ],
      "visQ": 98
    },
    {
      "t": 0.6,
      "aQ": [
        305,
        6,
        151,
        128,
        311,
        311,
        298,
        306
      ],
      "dQ": [
        114,
        1515,
        3104,
        3045
      ],
      "visQ": 98
    },
    {
      "t": 0.7,
      "aQ": [
        308,
        5,
        151,
        128,
        312,
        311,
        298,
        306
      ],
      "dQ": [
        94,
        1511,
        3095,
        3040
      ],
      "visQ": 98
    },
    {
      "t": 0.8,
      "aQ": [
        308,
        5,
        151,
        127,
        312,
        311,
        298,
        306
      ],
      "dQ": [
        81,
        1507,
        3091,
        3038
      ],
      "visQ": 98
    },
    {
      "t": 0.9,
      "aQ": [
        307,
        4,
        151,
        127,
        311,
        311,
        298,
        306
      ],
      "dQ": [
        83,
        1507,
        3093,
        3041
      ],
      "visQ": 98
    },
    {
      "t": 1,
      "aQ": [
        308,
        3,
        151,
        126,
        311,
        311,
        298,
        306
      ],
      "dQ": [
        62,
        1501,
        3084,
        3031
      ],
      "visQ": 98
    },
    {
      "t": 1.1,
      "aQ": [
        308,
        2,
        151,
        126,
        309,
        314,
        299,
        305
      ],
      "dQ": [
        47,
        1497,
        3077,
        3032
      ],
      "visQ": 98
    },
    {
      "t": 1.2,
      "aQ": [
        309,
        3,
        150,
        126,
        307,
        309,
        301,
        302
      ],
      "dQ": [
        43,
        1495,
        3084,
        3045
      ],
      "visQ": 98
    },
    {
      "t": 1.3,
      "aQ": [
        270,
        3,
        136,
        126,
        304,
        299,
        303,
        296
      ],
      "dQ": [
        25,
        1510,
        3165,
        3081
      ],
      "visQ": 98
    },
    {
      "t": 1.4,
      "aQ": [
        279,
        3,
        141,
        123,
        302,
        292,
        304,
        292
      ],
      "dQ": [
        63,
        1526,
        3235,
        3117
      ],
      "visQ": 99
    },
    {
      "t": 1.5,
      "aQ": [
        303,
        3,
        143,
        121,
        300,
        288,
        306,
        290
      ],
      "dQ": [
        145,
        1560,
        3195,
        3131
      ],
      "visQ": 98
    },
    {
      "t": 1.6,
      "aQ": [
        295,
        0,
        145,
        122,
        298,
        284,
        308,
        287
      ],
      "dQ": [
        182,
        1577,
        3226,
        3213
      ],
      "visQ": 98
    },
    {
      "t": 1.7,
      "aQ": [
        284,
        1,
        140,
        123,
        298,
        283,
        308,
        287
      ],
      "dQ": [
        50,
        1577,
        3297,
        3234
      ],
      "visQ": 98
    },
    {
      "t": 1.9,
      "aQ": [
        287,
        90,
        155,
        140,
        291,
        197,
        287,
        276
      ],
      "dQ": [
        456,
        2029,
        6573,
        6031
      ],
      "visQ": 95
    },
    {
      "t": 2,
      "aQ": [
        305,
        136,
        155,
        108,
        286,
        178,
        281,
        274
      ],
      "dQ": [
        398,
        2334,
        7132,
        6461
      ],
      "visQ": 93
    },
    {
      "t": 2.1,
      "aQ": [
        311,
        154,
        155,
        117,
        279,
        160,
        275,
        268
      ],
      "dQ": [
        355,
        2146,
        6975,
        6332
      ],
      "visQ": 90
    },
    {
      "t": 2.2,
      "aQ": [
        271,
        177,
        148,
        125,
        278,
        180,
        269,
        261
      ],
      "dQ": [
        489,
        1780,
        6898,
        6288
      ],
      "visQ": 88
    },
    {
      "t": 2.3,
      "aQ": [
        312,
        262,
        160,
        148,
        272,
        184,
        260,
        251
      ],
      "dQ": [
        415,
        2096,
        7539,
        6922
      ],
      "visQ": 86
    },
    {
      "t": 2.4,
      "aQ": [
        304,
        282,
        162,
        153,
        272,
        195,
        255,
        243
      ],
      "dQ": [
        443,
        2364,
        8067,
        7308
      ],
      "visQ": 84
    },
    {
      "t": 2.5,
      "aQ": [
        237,
        299,
        145,
        155,
        259,
        null,
        250,
        236
      ],
      "dQ": [
        498,
        null,
        7251,
        6499
      ],
      "visQ": 82
    },
    {
      "t": 2.6,
      "aQ": [
        302,
        267,
        159,
        160,
        null,
        null,
        242,
        225
      ],
      "dQ": [
        1281,
        null,
        7804,
        6924
      ],
      "visQ": 81
    },
    {
      "t": 2.7,
      "aQ": [
        301,
        278,
        157,
        156,
        null,
        null,
        234,
        222
      ],
      "dQ": [
        529,
        null,
        9155,
        8001
      ],
      "visQ": 80
    },
    {
      "t": 2.8,
      "aQ": [
        260,
        311,
        142,
        151,
        null,
        null,
        223,
        213
      ],
      "dQ": [
        409,
        null,
        8052,
        7196
      ],
      "visQ": 79
    },
    {
      "t": 2.9,
      "aQ": [
        302,
        302,
        152,
        150,
        null,
        null,
        217,
        204
      ],
      "dQ": [
        527,
        null,
        8750,
        7831
      ],
      "visQ": 77
    },
    {
      "t": 3,
      "aQ": [
        301,
        null,
        156,
        null,
        null,
        null,
        214,
        200
      ],
      "dQ": [
        null,
        null,
        9971,
        null
      ],
      "visQ": 76
    },
    {
      "t": 3.1,
      "aQ": [
        291,
        null,
        155,
        null,
        null,
        null,
        207,
        188
      ],
      "dQ": [
        null,
        null,
        7046,
        null
      ],
      "visQ": 76
    },
    {
      "t": 3.2,
      "aQ": [
        291,
        null,
        164,
        null,
        null,
        null,
        203,
        183
      ],
      "dQ": [
        null,
        null,
        8461,
        null
      ],
      "visQ": 75
    },
    {
      "t": 3.3,
      "aQ": [
        278,
        null,
        168,
        null,
        null,
        null,
        196,
        172
      ],
      "dQ": [
        null,
        null,
        8188,
        null
      ],
      "visQ": 75
    },
    {
      "t": 3.4,
      "aQ": [
        264,
        null,
        170,
        null,
        null,
        null,
        190,
        165
      ],
      "dQ": [
        null,
        null,
        8763,
        null
      ],
      "visQ": 75
    },
    {
      "t": 3.5,
      "aQ": [
        218,
        null,
        171,
        null,
        202,
        null,
        183,
        158
      ],
      "dQ": [
        null,
        null,
        9437,
        null
      ],
      "visQ": 75
    },
    {
      "t": 3.6,
      "aQ": [
        259,
        null,
        173,
        null,
        185,
        null,
        166,
        150
      ],
      "dQ": [
        null,
        null,
        10596,
        null
      ],
      "visQ": 75
    },
    {
      "t": 3.7,
      "aQ": [
        260,
        null,
        172,
        null,
        169,
        null,
        158,
        143
      ],
      "dQ": [
        null,
        null,
        9663,
        null
      ],
      "visQ": 75
    },
    {
      "t": 3.8,
      "aQ": [
        228,
        null,
        165,
        null,
        163,
        null,
        150,
        130
      ],
      "dQ": [
        null,
        null,
        8760,
        null
      ],
      "visQ": 76
    },
    {
      "t": 3.9,
      "aQ": [
        233,
        null,
        170,
        null,
        164,
        null,
        146,
        126
      ],
      "dQ": [
        null,
        null,
        10349,
        null
      ],
      "visQ": 76
    },
    {
      "t": 4,
      "aQ": [
        237,
        null,
        173,
        null,
        167,
        null,
        146,
        126
      ],
      "dQ": [
        null,
        null,
        10592,
        null
      ],
      "visQ": 76
    },
    {
      "t": 4.1,
      "aQ": [
        263,
        null,
        176,
        null,
        167,
        null,
        148,
        125
      ],
      "dQ": [
        null,
        null,
        9643,
        null
      ],
      "visQ": 76
    },
    {
      "t": 4.2,
      "aQ": [
        268,
        null,
        178,
        null,
        162,
        null,
        149,
        124
      ],
      "dQ": [
        null,
        null,
        10028,
        null
      ],
      "visQ": 76
    },
    {
      "t": 4.3,
      "aQ": [
        271,
        null,
        179,
        null,
        160,
        null,
        148,
        122
      ],
      "dQ": [
        null,
        null,
        10070,
        null
      ],
      "visQ": 76
    },
    {
      "t": 4.4,
      "aQ": [
        274,
        null,
        178,
        null,
        163,
        null,
        148,
        120
      ],
      "dQ": [
        null,
        null,
        8504,
        null
      ],
      "visQ": 76
    },
    {
      "t": 4.5,
      "aQ": [
        272,
        null,
        175,
        null,
        159,
        null,
        141,
        118
      ],
      "dQ": [
        null,
        null,
        8824,
        null
      ],
      "visQ": 76
    },
    {
      "t": 4.6,
      "aQ": [
        273,
        null,
        175,
        null,
        163,
        null,
        143,
        null
      ],
      "dQ": [
        null,
        null,
        8492,
        null
      ],
      "visQ": 76
    },
    {
      "t": 4.7,
      "aQ": [
        276,
        null,
        173,
        null,
        162,
        null,
        142,
        null
      ],
      "dQ": [
        null,
        null,
        8312,
        null
      ],
      "visQ": 76
    },
    {
      "t": 4.8,
      "aQ": [
        255,
        null,
        163,
        null,
        158,
        null,
        140,
        null
      ],
      "dQ": [
        null,
        null,
        8751,
        null
      ],
      "visQ": 76
    },
    {
      "t": 4.9,
      "aQ": [
        278,
        null,
        167,
        null,
        160,
        null,
        139,
        null
      ],
      "dQ": [
        null,
        null,
        8920,
        null
      ],
      "visQ": 76
    },
    {
      "t": 5,
      "aQ": [
        256,
        null,
        168,
        null,
        161,
        null,
        140,
        null
      ],
      "dQ": [
        null,
        null,
        8954,
        null
      ],
      "visQ": 76
    },
    {
      "t": 5.1,
      "aQ": [
        241,
        null,
        170,
        null,
        161,
        null,
        138,
        null
      ],
      "dQ": [
        null,
        null,
        10066,
        null
      ],
      "visQ": 76
    },
    {
      "t": 5.2,
      "aQ": [
        238,
        null,
        171,
        null,
        161,
        null,
        137,
        null
      ],
      "dQ": [
        null,
        null,
        10574,
        null
      ],
      "visQ": 76
    },
    {
      "t": 5.3,
      "aQ": [
        249,
        null,
        173,
        null,
        158,
        null,
        135,
        null
      ],
      "dQ": [
        null,
        null,
        10805,
        null
      ],
      "visQ": 76
    },
    {
      "t": 5.4,
      "aQ": [
        247,
        null,
        176,
        null,
        159,
        null,
        135,
        null
      ],
      "dQ": [
        null,
        null,
        10018,
        null
      ],
      "visQ": 75
    },
    {
      "t": 5.5,
      "aQ": [
        296,
        null,
        179,
        null,
        161,
        null,
        137,
        null
      ],
      "dQ": [
        null,
        null,
        9258,
        null
      ],
      "visQ": 75
    },
    {
      "t": 5.6,
      "aQ": [
        272,
        null,
        184,
        null,
        163,
        null,
        140,
        null
      ],
      "dQ": [
        null,
        null,
        8888,
        null
      ],
      "visQ": 75
    },
    {
      "t": 5.7,
      "aQ": [
        273,
        null,
        189,
        null,
        163,
        null,
        139,
        null
      ],
      "dQ": [
        null,
        null,
        9182,
        null
      ],
      "visQ": 74
    },
    {
      "t": 5.8,
      "aQ": [
        239,
        null,
        189,
        null,
        167,
        null,
        140,
        null
      ],
      "dQ": [
        null,
        null,
        8741,
        null
      ],
      "visQ": 74
    },
    {
      "t": 5.9,
      "aQ": [
        256,
        null,
        189,
        null,
        167,
        null,
        139,
        null
      ],
      "dQ": [
        null,
        null,
        8598,
        null
      ],
      "visQ": 74
    },
    {
      "t": 6,
      "aQ": [
        308,
        null,
        189,
        null,
        165,
        null,
        138,
        null
      ],
      "dQ": [
        null,
        null,
        8796,
        null
      ],
      "visQ": 73
    },
    {
      "t": 6.1,
      "aQ": [
        255,
        null,
        184,
        null,
        173,
        null,
        144,
        null
      ],
      "dQ": [
        null,
        null,
        7114,
        null
      ],
      "visQ": 73
    },
    {
      "t": 6.2,
      "aQ": [
        230,
        null,
        170,
        null,
        181,
        null,
        151,
        null
      ],
      "dQ": [
        null,
        null,
        6794,
        null
      ],
      "visQ": 73
    },
    {
      "t": 6.3,
      "aQ": [
        266,
        null,
        177,
        null,
        196,
        null,
        166,
        null
      ],
      "dQ": [
        null,
        null,
        6639,
        null
      ],
      "visQ": 73
    },
    {
      "t": 6.4,
      "aQ": [
        273,
        null,
        190,
        null,
        204,
        null,
        174,
        null
      ],
      "dQ": [
        null,
        null,
        6944,
        null
      ],
      "visQ": 73
    },
    {
      "t": 6.5,
      "aQ": [
        305,
        null,
        204,
        null,
        209,
        null,
        180,
        null
      ],
      "dQ": [
        null,
        null,
        8250,
        null
      ],
      "visQ": 73
    },
    {
      "t": 6.6,
      "aQ": [
        262,
        null,
        189,
        null,
        213,
        null,
        187,
        null
      ],
      "dQ": [
        null,
        null,
        8887,
        null
      ],
      "visQ": 74
    },
    {
      "t": 6.7,
      "aQ": [
        271,
        null,
        193,
        null,
        215,
        null,
        193,
        null
      ],
      "dQ": [
        null,
        null,
        9172,
        null
      ],
      "visQ": 74
    },
    {
      "t": 6.8,
      "aQ": [
        313,
        null,
        198,
        null,
        222,
        null,
        204,
        null
      ],
      "dQ": [
        null,
        null,
        9694,
        null
      ],
      "visQ": 74
    },
    {
      "t": 6.9,
      "aQ": [
        286,
        null,
        203,
        null,
        227,
        null,
        212,
        null
      ],
      "dQ": [
        null,
        null,
        10641,
        null
      ],
      "visQ": 74
    },
    {
      "t": 7,
      "aQ": [
        292,
        null,
        189,
        null,
        232,
        null,
        219,
        null
      ],
      "dQ": [
        null,
        null,
        8988,
        null
      ],
      "visQ": 74
    },
    {
      "t": 7.1,
      "aQ": [
        309,
        null,
        200,
        null,
        239,
        null,
        226,
        null
      ],
      "dQ": [
        null,
        null,
        7534,
        null
      ],
      "visQ": 74
    },
    {
      "t": 7.2,
      "aQ": [
        281,
        null,
        210,
        null,
        243,
        null,
        230,
        null
      ],
      "dQ": [
        null,
        null,
        7058,
        null
      ],
      "visQ": 74
    },
    {
      "t": 7.3,
      "aQ": [
        282,
        null,
        209,
        null,
        244,
        null,
        234,
        null
      ],
      "dQ": [
        null,
        null,
        6590,
        null
      ],
      "visQ": 75
    },
    {
      "t": 7.4,
      "aQ": [
        277,
        null,
        220,
        null,
        247,
        null,
        237,
        null
      ],
      "dQ": [
        null,
        null,
        5329,
        null
      ],
      "visQ": 75
    },
    {
      "t": 7.5,
      "aQ": [
        277,
        null,
        222,
        null,
        248,
        null,
        238,
        222
      ],
      "dQ": [
        null,
        null,
        4808,
        null
      ],
      "visQ": 77
    },
    {
      "t": 7.6,
      "aQ": [
        290,
        null,
        214,
        null,
        255,
        null,
        243,
        226
      ],
      "dQ": [
        null,
        null,
        4413,
        null
      ],
      "visQ": 78
    },
    {
      "t": 7.7,
      "aQ": [
        295,
        null,
        167,
        null,
        263,
        null,
        246,
        231
      ],
      "dQ": [
        null,
        null,
        4153,
        null
      ],
      "visQ": 78
    },
    {
      "t": 7.8,
      "aQ": [
        76,
        null,
        12,
        null,
        291,
        279,
        286,
        245
      ],
      "dQ": [
        null,
        1790,
        2880,
        null
      ],
      "visQ": 80
    },
    {
      "t": 7.9,
      "aQ": [
        193,
        null,
        100,
        null,
        291,
        281,
        291,
        255
      ],
      "dQ": [
        null,
        1901,
        3518,
        null
      ],
      "visQ": 81
    },
    {
      "t": 8,
      "aQ": [
        174,
        null,
        80,
        null,
        299,
        288,
        301,
        268
      ],
      "dQ": [
        null,
        1661,
        3336,
        null
      ],
      "visQ": 83
    },
    {
      "t": 8.1,
      "aQ": [
        166,
        null,
        73,
        129,
        301,
        304,
        307,
        281
      ],
      "dQ": [
        null,
        1560,
        3199,
        null
      ],
      "visQ": 84
    },
    {
      "t": 8.2,
      "aQ": [
        229,
        null,
        133,
        136,
        308,
        310,
        313,
        287
      ],
      "dQ": [
        null,
        1515,
        3233,
        null
      ],
      "visQ": 85
    },
    {
      "t": 8.3,
      "aQ": [
        181,
        13,
        135,
        146,
        313,
        314,
        309,
        292
      ],
      "dQ": [
        252,
        1459,
        3174,
        3091
      ],
      "visQ": 86
    },
    {
      "t": 8.4,
      "aQ": [
        194,
        16,
        146,
        149,
        314,
        312,
        305,
        295
      ],
      "dQ": [
        228,
        1432,
        3132,
        3021
      ],
      "visQ": 87
    },
    {
      "t": 8.5,
      "aQ": [
        178,
        16,
        132,
        147,
        314,
        309,
        304,
        297
      ],
      "dQ": [
        312,
        1440,
        3165,
        3038
      ],
      "visQ": 89
    },
    {
      "t": 8.6,
      "aQ": [
        192,
        15,
        144,
        144,
        312,
        307,
        304,
        300
      ],
      "dQ": [
        367,
        1440,
        3177,
        3042
      ],
      "visQ": 90
    },
    {
      "t": 8.7,
      "aQ": [
        189,
        16,
        144,
        143,
        311,
        307,
        304,
        301
      ],
      "dQ": [
        435,
        1456,
        3221,
        3092
      ],
      "visQ": 90
    },
    {
      "t": 8.8,
      "aQ": [
        183,
        16,
        146,
        140,
        312,
        308,
        303,
        301
      ],
      "dQ": [
        382,
        1474,
        3261,
        3123
      ],
      "visQ": 91
    },
    {
      "t": 8.9,
      "aQ": [
        181,
        15,
        145,
        139,
        312,
        308,
        304,
        301
      ],
      "dQ": [
        386,
        1486,
        3269,
        3133
      ],
      "visQ": 92
    },
    {
      "t": 9,
      "aQ": [
        178,
        16,
        145,
        139,
        312,
        308,
        304,
        301
      ],
      "dQ": [
        434,
        1492,
        3294,
        3139
      ],
      "visQ": 93
    },
    {
      "t": 9.1,
      "aQ": [
        178,
        16,
        144,
        139,
        312,
        307,
        303,
        302
      ],
      "dQ": [
        475,
        1485,
        3304,
        3127
      ],
      "visQ": 93
    }
  ]
}